,,Name,Name,Company (Need to Add),Name,Street 1,Street 2,City,State,Zip Code,Office,Fax,EMail
"2nd Avenue,  LLC",1,"2nd Avenue,  LLC","2ND AVENUE,  LLC",,"2Nd Avenue,  Llc",,,,,,,,
610 - Advanced Sterling,2,610 - Advanced Sterling,610 - ADVANCED STERLING,,610 - Advanced Sterling,,,,,,,,
7-Eleven,3,7-Eleven,7-ELEVEN,,7-Eleven,,,,,,,,
A & M Concrete,4,A & M Concrete,A & M CONCRETE,,A & M Concrete,,,,,,,,
"A Hight On Homes,  LLC",5,"A Hight On Homes,  LLC","A HIGHT ON HOMES,  LLC",,"A Hight On Homes,  Llc",,,,,,,,
"A&D Construction Of Va,  LLC",6,"A&D Construction Of Va,  LLC","A&D CONSTRUCTION OF VA,  LLC",,"A&D Construction Of Va,  Llc",,,,,,,,
"A.R. Masonry,  Inc",7,"A.R. Masonry,  Inc","A.R. MASONRY,  INC",,"A.R. Masonry,  Inc",,,,,,,,
Aaa Insulators,8,Aaa Insulators,AAA INSULATORS,,Aaa Insulators,,,,,,,,
"Aaa Quality Stripping,  Inc",9,"Aaa Quality Stripping,  Inc","AAA QUALITY STRIPPING,  INC",,"Aaa Quality Stripping,  Inc",,,,,,,,
Aaron Enterprises,10,Aaron Enterprises,AARON ENTERPRISES,,Aaron Enterprises,,,,,,,,
Abc Supply,11,Abc Supply,ABC SUPPLY,,Abc Supply,,,,,,,,
"Abm Industries,  Inc",12,"Abm Industries,  Inc","ABM INDUSTRIES,  INC",,"Abm Industries,  Inc",,,,,,,,
ABS,13,ABS,ABS,,Abs,,,,,,,,
Abss Solutions,14,Abss Solutions,ABSS SOLUTIONS,,Abss Solutions,,,,,,,,
AC&T,15,AC&T,AC&T,,Ac&T,,,,,,,,
ACC,16,ACC,ACC,,Acc,,,,,,,,
ACE AC & Heating Services,17,ACE AC & Heating Services,ACE AC & HEATING SERVICES,,Ace Ac & Heating Services,,,,,,,,
Acento Real Estate Partners,18,Acento Real Estate Partners,ACENTO REAL ESTATE PARTNERS,,Acento Real Estate Partners,,,,,,,,
"ACP Facility Services,  Inc",19,"ACP Facility Services,  Inc","ACP FACILITY SERVICES,  INC",,"Acp Facility Services,  Inc",,,,,,,,
Actionet,20,Actionet,ACTIONET,,Actionet,,,,,,,,
"Ad Handyman Contractors,  Inc",21,"Ad Handyman Contractors,  Inc","AD HANDYMAN CONTRACTORS,  INC",,"Ad Handyman Contractors,  Inc",,,,,,,,
"ADCS Clinics,  LLC",22,"ADCS Clinics,  LLC","ADCS CLINICS,  LLC",,"Adcs Clinics,  Llc",,,,,,,,
"ADP Total Source Fl Xix,  Inc",23,"ADP Total Source Fl Xix,  Inc","ADP TOTAL SOURCE FL XIX,  INC",,"Adp Total Source Fl Xix,  Inc",,,,,,,,
Advance Auto Parts,24,Advance Auto Parts,ADVANCE AUTO PARTS,,Advance Auto Parts,,,,,,,,
"Advance Polybag Northeast,  Inc",25,"Advance Polybag Northeast,  Inc","ADVANCE POLYBAG NORTHEAST,  INC",,"Advance Polybag Northeast,  Inc",,,,,,,,
Adventist Hospital,26,Adventist Hospital,ADVENTIST HOSPITAL,,Adventist Hospital,,,,,,,,
Aecom Technology Corp,27,Aecom Technology Corp,AECOM TECHNOLOGY CORP,,Aecom Technology Corp,,,,,,,,
Aerosys,28,Aerosys,AEROSYS,,Aerosys,,,,,,,,
Aerotech,29,Aerotech,AEROTECH,,Aerotech,,,,,,,,
Affordable Pest,30,Affordable Pest,AFFORDABLE PEST,,Affordable Pest,,,,,,,,
Agiles Sourcing,31,Agiles Sourcing,AGILES SOURCING,,Agiles Sourcing,,,,,,,,
Air Movers,32,Air Movers,AIR MOVERS,,Air Movers,,,,,,,,
AKE,33,AKE,AKE,,Ake,,,,,,,,
Akehurst Landscape,34,Akehurst Landscape,AKEHURST LANDSCAPE,,Akehurst Landscape,,,,,,,,
Albright'S Mechanical Service,35,Albright'S Mechanical Service,ALBRIGHT'S MECHANICAL SERVICE,,Albright'S Mechanical Service,,,,,,,,
Aldi,36,Aldi,ALDI,,Aldi,,,,,,,,
Alexander'S Mobility Services,37,Alexander'S Mobility Services,ALEXANDER'S MOBILITY SERVICES,,Alexander'S Mobility Services,,,,,,,,
City Of Alexandria,38,City Of Alexandria,CITY OF ALEXANDRIA,,City Of Alexandria,,,,,,,,
Alexandria Transit Company,39,Alexandria Transit Company,ALEXANDRIA TRANSIT COMPANY,,Alexandria Transit Company,,,,,,,,
Alfred Noyse Children'S Center,40,Alfred Noyse Children'S Center,ALFRED NOYSE CHILDREN'S CENTER,,Alfred Noyse Children'S Center,,,,,,,,
Alfredo Trucking,41,Alfredo Trucking,ALFREDO TRUCKING,,Alfredo Trucking,,,,,,,,
"All Season Roofing,  LLC",42,"All Season Roofing,  LLC","ALL SEASON ROOFING,  LLC",,"All Season Roofing,  Llc",,,,,,,,
"Allan Myers,  Inc",43,"Allan Myers,  Inc","ALLAN MYERS,  INC",,"Allan Myers,  Inc",,,,,,,,
Allied Universal,44,Allied Universal,ALLIED UNIVERSAL,,Allied Universal,,,,,,,,
Alonso Nolaseo,45,Alonso Nolaseo,ALONSO NOLASEO,,Alonso Nolaseo,,,,,,,,
Alside,46,Alside,ALSIDE,,Alside,,,,,,,,
Altco Lien Services,47,Altco Lien Services,ALTCO LIEN SERVICES,,Altco Lien Services,,,,,,,,
Alteon Health,48,Alteon Health,ALTEON HEALTH,,Alteon Health,,,,,,,,
Alternate Radiator Service,49,Alternate Radiator Service,ALTERNATE RADIATOR SERVICE,,Alternate Radiator Service,,,,,,,,
Amazon,50,Amazon,AMAZON,,Amazon,,,,,,,,
Ambassador Personnel,51,Ambassador Personnel,AMBASSADOR PERSONNEL,,Ambassador Personnel,,,,,,,,
American Airlines,52,American Airlines,AMERICAN AIRLINES,,American Airlines,,,,,,,,
American Equipment Co,53,American Equipment Co,AMERICAN EQUIPMENT CO,,American Equipment Co,,,,,,,,
American Woodmark,54,American Woodmark,AMERICAN WOODMARK,,American Woodmark,,,,,,,,
Amtrak,55,Amtrak,AMTRAK,,Amtrak,,,,,,,,
Anderson Bus Company,56,Anderson Bus Company,ANDERSON BUS COMPANY,,Anderson Bus Company,,,,,,,,
Anderson Mechanical Services,57,Anderson Mechanical Services,ANDERSON MECHANICAL SERVICES,,Anderson Mechanical Services,,,,,,,,
Andiemac,58,Andiemac,ANDIEMAC,,Andiemac,,,,,,,,
Anne Arundel BOE,59,Anne Arundel BOE,ANNE ARUNDEL BOE,,Anne Arundel Boe,,,,,,,,
Anne Arundel County Govt,60,Anne Arundel County Govt,ANNE ARUNDEL COUNTY GOVT,,Anne Arundel County Govt,,,,,,,,
Anne Arundel County Public School,61,Anne Arundel County Public School,ANNE ARUNDEL COUNTY PUBLIC SCHOOL,,Anne Arundel County Public School,,,,,,,,
Anne Arundel Medical Center,62,Anne Arundel Medical Center,ANNE ARUNDEL MEDICAL CENTER,,Anne Arundel Medical Center,,,,,,,,
Anne Arundel Police Dept,63,Anne Arundel Police Dept,ANNE ARUNDEL POLICE DEPT,,Anne Arundel Police Dept,,,,,,,,
Antietam Tree Tuff,64,Antietam Tree Tuff,ANTIETAM TREE TUFF,,Antietam Tree Tuff,,,,,,,,
AON,65,AON,AON,,Aon,,,,,,,,
APTA,66,APTA,APTA,,Apta,,,,,,,,
Arbor Management,67,Arbor Management,ARBOR MANAGEMENT,,Arbor Management,,,,,,,,
Arbor Terrace,68,Arbor Terrace,ARBOR TERRACE,,Arbor Terrace,,,,,,,,
Arc of Prince George County,69,Arc of Prince George County,ARC OF PRINCE GEORGE COUNTY,,Arc Of Prince George County,,,,,,,,
"Ardent Company,  LLC",70,"Ardent Company,  LLC","ARDENT COMPANY,  LLC",,"Ardent Company,  Llc",,,,,,,,
Ardmore ES,71,Ardmore ES,ARDMORE ES,,Ardmore Es,,,,,,,,
Arlington County,72,Arlington County,ARLINGTON COUNTY,,Arlington County,,,,,,,,
Arlington City Fire And Rescue,73,Arlington City Fire And Rescue,ARLINGTON CTY FIRE AND RESCUE,,Arlington Cty Fire And Rescue,,,,,,,,
ARS Rescue Rooter,74,ARS Rescue Rooter,ARS RESCUE ROOTER,,Ars Rescue Rooter,,,,,,,,
Art Of PGC,75,Art Of PGC,ART OF PGC,,Art Of Pgc,,,,,,,,
Artspace Lofts,76,Artspace Lofts,ARTSPACE LOFTS,,Artspace Lofts,,,,,,,,
Assoc. of Univ. Research Parks,77,Assoc. of Univ. Research Parks,ASSOC. OF UNIV. RESEARCH PARKS,,Assoc. Of Univ. Research Parks,,,,,,,,
AT&T,78,AT&T,AT&T,,At&T,,,,,,,,
Atlantic Refinishing & Restor.,79,Atlantic Refinishing & Restor.,ATLANTIC REFINISHING & RESTOR.,,Atlantic Refinishing & Restor.,,,,,,,,
Atlantic Services Group,80,Atlantic Services Group,ATLANTIC SERVICES GROUP,,Atlantic Services Group,,,,,,,,
Atlantic Waterproofing & Rest.,81,Atlantic Waterproofing & Rest.,ATLANTIC WATERPROOFING & REST.,,Atlantic Waterproofing & Rest.,,,,,,,,
Atlas Plumbing,82,Atlas Plumbing,ATLAS PLUMBING,,Atlas Plumbing,,,,,,,,
Atria Senior Living,83,Atria Senior Living,ATRIA SENIOR LIVING,,Atria Senior Living,,,,,,,,
Augie'S Mussel House,84,Augie'S Mussel House,AUGIE'S MUSSEL HOUSE,,Augie'S Mussel House,,,,,,,,
Automobile Dealers Group,85,Automobile Dealers Group,AUTOMOBILE DEALERS GROUP,,Automobile Dealers Group,,,,,,,,
Autozone,86,Autozone,AUTOZONE,,Autozone,,,,,,,,
Aviation Administrator,87,Aviation Administrator,AVIATION ADMINISTRATOR,,Aviation Administrator,,,,,,,,
"B&B Services,  LLC",88,"B&B Services,  LLC","B&B SERVICES,  LLC",,"B&B Services,  Llc",,,,,,,,
"B&C Finisher,  LLC",89,"B&C Finisher,  LLC","B&C FINISHER,  LLC",,"B&C Finisher,  Llc",,,,,,,,
B.F. Saul Company,90,B.F. Saul Company,B.F. SAUL COMPANY,,B.F. Saul Company,,,,,,,,
Bainbridge Community Mgmt,91,Bainbridge Community Mgmt,BAINBRIDGE COMMUNITY MGMT,,Bainbridge Community Mgmt,,,,,,,,
Baldino'S Lock And Key,92,Baldino'S Lock And Key,BALDINO'S LOCK AND KEY,,Baldino'S Lock And Key,,,,,,,,
Bally Corporation,93,Bally Corporation,BALLY CORPORATION,,Bally Corporation,,,,,,,,
Baltimore City,94,Baltimore City,BALTIMORE CITY,,Baltimore City,,,,,,,,
Baltimore City - DPW,95,Baltimore City - DPW,BALTIMORE CITY - DPW,,Baltimore City - Dpw,,,,,,,,
Baltimore City Fire Dept,96,Baltimore City Fire Dept,BALTIMORE CITY FIRE DEPT,,Baltimore City Fire Dept,,,,,,,,
Baltimore City Juvenile Center,97,Baltimore City Juvenile Center,BALTIMORE CITY JUVENILE CENTER,,Baltimore City Juvenile Center,,,,,,,,
Baltimore City Police Dept,98,Baltimore City Police Dept,BALTIMORE CITY POLICE DEPT,,Baltimore City Police Dept,,,,,,,,
Baltimore County Public Schools,99,Baltimore County Public Schools,BALTIMORE CO. PUBLIC SCHOOLS,,Baltimore Co. Public Schools,,,,,,,,
Baltimore County,100,Baltimore County,BALTIMORE COUNTY,,Baltimore County,,,,,,,,
Baltimore Int'L Warehouse Co.,101,Baltimore Int'L Warehouse Co.,BALTIMORE INT'L WAREHOUSE CO.,,Baltimore Int'L Warehouse Co.,,,,,,,,
Baltimore Sun,102,Baltimore Sun,BALTIMORE SUN,,Baltimore Sun,,,,,,,,
Barber Dme Supply,103,Barber Dme Supply,BARBER DME SUPPLY,,Barber Dme Supply,,,,,,,,
Barr Concrete,104,Barr Concrete,BARR CONCRETE,,Barr Concrete,,,,,,,,
Bates Trucking,105,Bates Trucking,BATES TRUCKING,,Bates Trucking,,,,,,,,
"Baystate Pre Cast,  LLC",106,"Baystate Pre Cast,  LLC","BAYSTATE PRE CAST,  LLC",,"Baystate Pre Cast,  Llc",,,,,,,,
Baywoods of Annapolis,107,Baywoods of Annapolis,BAYWOODS OF ANNAPOLIS,,Baywoods Of Annapolis,,,,,,,,
Beacon Sales Acquisition,108,Beacon Sales Acquisition,BEACON SALES ACQUISITION,,Beacon Sales Acquisition,,,,,,,,
"Bear Drywall & Paint,  LLC",109,"Bear Drywall & Paint,  LLC","BEAR DRYWALL & PAINT,  LLC",,"Bear Drywall & Paint,  Llc",,,,,,,,
"Bell Partners,  Inc",110,"Bell Partners,  Inc","BELL PARTNERS,  INC",,"Bell Partners,  Inc",,,,,,,,
Beltway Cleaning Services,111,Beltway Cleaning Services,BELTWAY CLEANING SERVICES,,Beltway Cleaning Services,,,,,,,,
Berg Realty Partners,112,Berg Realty Partners,BERG REALTY PARTNERS,,Berg Realty Partners,,,,,,,,
Bergman Contractors,113,Bergman Contractors,BERGMAN CONTRACTORS,,Bergman Contractors,,,,,,,,
Bethany Air,114,Bethany Air,BETHANY AIR,,Bethany Air,,,,,,,,
Big Lots,115,Big Lots,BIG LOTS,,Big Lots,,,,,,,,
"Bion,  Inc",116,"Bion,  Inc","BION,  INC",,"Bion,  Inc",,,,,,,,
"Blackstone Consulting,  Inc",117,"Blackstone Consulting,  Inc","BLACKSTONE CONSULTING,  INC",,"Blackstone Consulting,  Inc",,,,,,,,
Blackwood of DC,118,Blackwood of DC,BLACKWOOD OF DC,,Blackwood Of Dc,,,,,,,,
Blair Enterprises,119,Blair Enterprises,BLAIR ENTERPRISES,,Blair Enterprises,,,,,,,,
"Blue Ridge Packaging,  LLC",120,"Blue Ridge Packaging,  LLC","BLUE RIDGE PACKAGING,  LLC",,"Blue Ridge Packaging,  Llc",,,,,,,,
Bluejacket DC,121,Bluejacket DC,BLUEJACKET DC,,Bluejacket Dc,,,,,,,,
BML Drywall,122,BML Drywall,BML DRYWALL,,Bml Drywall,,,,,,,,
Boat Shine,123,Boat Shine,BOAT SHINE,,Boat Shine,,,,,,,,
Bobs Discount Furniture,124,Bobs Discount Furniture,BOBS DISCOUNT FURNITURE,,Bobs Discount Furniture,,,,,,,,
"Bogan & Associates,  LLC",125,"Bogan & Associates,  LLC","BOGAN & ASSOCIATES,  LLC",,"Bogan & Associates,  Llc",,,,,,,,
Bolt Bus,126,Bolt Bus,BOLT BUS,,Bolt Bus,,,,,,,,
Bond Distributing,127,Bond Distributing,BOND DISTRIBUTING,,Bond Distributing,,,,,,,,
Bond Water Technologies,128,Bond Water Technologies,BOND WATER TECHNOLOGIES,,Bond Water Technologies,,,,,,,,
Bookstore Movers,129,Bookstore Movers,BOOKSTORE MOVERS,,Bookstore Movers,,,,,,,,
Boones Roofing,130,Boones Roofing,BOONES ROOFING,,Boones Roofing,,,,,,,,
BP Management & Investments,131,BP Management & Investments,BP MANAGEMENT & INVESTMENTS,,Bp Management & Investments,,,,,,,,
Brady Landscape,132,Brady Landscape,BRADY LANDSCAPE,,Brady Landscape,,,,,,,,
Bragunier Masonry Contractor,133,Bragunier Masonry Contractor,BRAGUNIER MASONRY CONTRACTOR,,Bragunier Masonry Contractor,,,,,,,,
"Branch Group,  Inc",134,"Branch Group,  Inc","BRANCH GROUP,  INC",,"Branch Group,  Inc",,,,,,,,
Brand Industrial Services,135,Brand Industrial Services,BRAND INDUSTRIAL SERVICES,,Brand Industrial Services,,,,,,,,
Brawner Builders,136,Brawner Builders,BRAWNER BUILDERS,,Brawner Builders,,,,,,,,
"Bray And Scarff,  Inc",137,"Bray And Scarff,  Inc","BRAY AND SCARFF,  INC",,"Bray And Scarff,  Inc",,,,,,,,
Breakthru Beverage Company,138,Breakthru Beverage Company,BREAKTHRU BEVERAGE COMPANY,,Breakthru Beverage Company,,,,,,,,
Bret Whetzel,139,Bret Whetzel,BRET WHETZEL,,Bret Whetzel,,,,,,,,
"Brians Carpet,  Inc",140,"Brians Carpet,  Inc","BRIANS CARPET,  INC",,"Brians Carpet,  Inc",,,,,,,,
"Bridgestone Americas,  Inc",141,"Bridgestone Americas,  Inc","BRIDGESTONE AMERICAS,  INC",,"Bridgestone Americas,  Inc",,,,,,,,
Brightview Landscapes,142,Brightview Landscapes,BRIGHTVIEW LANDSCAPES,,Brightview Landscapes,,,,,,,,
Brightview Senior Living,143,Brightview Senior Living,BRIGHTVIEW SENIOR LIVING,,Brightview Senior Living,,,,,,,,
Brinks,144,Brinks,BRINKS,,Brinks,,,,,,,,
Brookharts Auto Transport,145,Brookharts Auto Transport,BROOKHARTS AUTO TRANSPORT,,Brookharts Auto Transport,,,,,,,,
Brothers Landscaping Svcs,146,Brothers Landscaping Svcs,BROTHERS LANDSCAPING SVCS,,Brothers Landscaping Svcs,,,,,,,,
Brown'S Suburu,147,Brown'S Suburu,BROWN'S SUBURU,,Brown'S Suburu,,,,,,,,
"Brunswick Excavating,  Inc",148,"Brunswick Excavating,  Inc","BRUNSWICK EXCAVATING,  INC",,"Brunswick Excavating,  Inc",,,,,,,,
Bryan And Sons,149,Bryan And Sons,BRYAN AND SONS,,Bryan And Sons,,,,,,,,
Builders First Source,150,Builders First Source,BUILDERS FIRST SOURCE,,Builders First Source,,,,,,,,
Bulls Construction,151,Bulls Construction,BULLS CONSTRUCTION,,Bulls Construction,,,,,,,,
Burkalt And Company,152,Burkalt And Company,BURKALT AND COMPANY,,Burkalt And Company,,,,,,,,
"Burton & Robinson,  Inc",153,"Burton & Robinson,  Inc","BURTON & ROBINSON,  INC",,"Burton & Robinson,  Inc",,,,,,,,
Burton Interior And Const,154,Burton Interior And Const,BURTON INTERIOR AND CONST,,Burton Interior And Const,,,,,,,,
Busboys And Poets,155,Busboys And Poets,BUSBOYS AND POETS,,Busboys And Poets,,,,,,,,
Butler Medical,156,Butler Medical,BUTLER MEDICAL,,Butler Medical,,,,,,,,
C And G Specialty,157,C And G Specialty,C AND G SPECIALTY,,C And G Specialty,,,,,,,,
"C&C Meat Sales,  Inc",158,"C&C Meat Sales,  Inc","C&C MEAT SALES,  INC",,"C&C Meat Sales,  Inc",,,,,,,,
C&S Wholesale Grocers,159,C&S Wholesale Grocers,C&S WHOLESALE GROCERS,,C&S Wholesale Grocers,,,,,,,,
C&W Facility Services,160,C&W Facility Services,C&W FACILITY SERVICES,,C&W Facility Services,,,,,,,,
Caci,161,Caci,CACI,,Caci,,,,,,,,
"Calmra,  Inc",162,"Calmra,  Inc","CALMRA,  INC",,"Calmra,  Inc",,,,,,,,
Calvary Chapel,163,Calvary Chapel,CALVARY CHAPEL,,Calvary Chapel,,,,,,,,
"Calvert Health System,  Inc",164,"Calvert Health System,  Inc","CALVERT HEALTH SYSTEM,  INC",,"Calvert Health System,  Inc",,,,,,,,
Calvert Plumbing & Heating Co,165,Calvert Plumbing & Heating Co,CALVERT PLUMBING & HEATING CO,,Calvert Plumbing & Heating Co,,,,,,,,
Camm Concrete,166,Camm Concrete,CAMM CONCRETE,,Camm Concrete,,,,,,,,
Canteen,167,Canteen,CANTEEN,,Canteen,,,,,,,,
"Canyon Contracting,  Inc",168,"Canyon Contracting,  Inc","CANYON CONTRACTING,  INC",,"Canyon Contracting,  Inc",,,,,,,,
Capital Caring Health,169,Capital Caring Health,CAPITAL CARING HEALTH,,Capital Caring Health,,,,,,,,
Capital Concerts,170,Capital Concerts,CAPITAL CONCERTS,,Capital Concerts,,,,,,,,
"Capital Framing,  Inc",171,"Capital Framing,  Inc","CAPITAL FRAMING,  INC",,"Capital Framing,  Inc",,,,,,,,
Capitol Building Supply,172,Capitol Building Supply,CAPITOL BUILDING SUPPLY,,Capitol Building Supply,,,,,,,,
"Care Advantage,  Inc",173,"Care Advantage,  Inc","CARE ADVANTAGE,  INC",,"Care Advantage,  Inc",,,,,,,,
Carmax,174,Carmax,CARMAX,,Carmax,,,,,,,,
Carroll Hospital,175,Carroll Hospital,CARROLL HOSPITAL,,Carroll Hospital,,,,,,,,
Carter Machinery,176,Carter Machinery,CARTER MACHINERY,,Carter Machinery,,,,,,,,
Case Design Remodeling,177,Case Design Remodeling,CASE DESIGN REMODELING,,Case Design Remodeling,,,,,,,,
Castle Sprinkler And Alarm,178,Castle Sprinkler And Alarm,CASTLE SPRINKLER AND ALARM,,Castle Sprinkler And Alarm,,,,,,,,
Catholic Charities,179,Catholic Charities,CATHOLIC CHARITIES,,Catholic Charities,,,,,,,,
Ccbcc Coca-Cola,180,Ccbcc Coca-Cola,CCBCC COCA-COLA,,Ccbcc Coca-Cola,,,,,,,,
Cce Specialties,181,Cce Specialties,CCE SPECIALTIES,,Cce Specialties,,,,,,,,
CCL Usa,182,CCL Usa,CCL USA,,Ccl Usa,,,,,,,,
Center For Social Change,183,Center For Social Change,CENTER FOR SOCIAL CHANGE,,Center For Social Change,,,,,,,,
Centerline Communications,184,Centerline Communications,CENTERLINE COMMUNICATIONS,,Centerline Communications,,,,,,,,
Centerra,185,Centerra,CENTERRA,,Centerra,,,,,,,,
Central Transportation Unit,186,Central Transportation Unit,CENTRAL TRANSPORTATION UNIT,,Central Transportation Unit,,,,,,,,
Charles County Govt,187,Charles County Govt,CHARLES COUNTY GOVT,,Charles County Govt,,,,,,,,
Charles County Public Schools,188,Charles County Public Schools,CHARLES COUNTY PUBLIC SCHOOLS,,Charles County Public Schools,,,,,,,,
Charles Town Utility Board,189,Charles Town Utility Board,CHARLES TOWN UTILITY BOARD,,Charles Town Utility Board,,,,,,,,
Chemonics International,190,Chemonics International,CHEMONICS INTERNATIONAL,,Chemonics International,,,,,,,,
Chesapeake Marine Services,191,Chesapeake Marine Services,CHESAPEAKE MARINE SERVICES,,Chesapeake Marine Services,,,,,,,,
Chesapeake Restoraton Group,192,Chesapeake Restoraton Group,CHESAPEAKE RESTORATON GROUP,,Chesapeake Restoraton Group,,,,,,,,
Chesapeake Sprinkler Co.,193,Chesapeake Sprinkler Co.,CHESAPEAKE SPRINKLER CO.,,Chesapeake Sprinkler Co.,,,,,,,,
Chesky Construction,194,Chesky Construction,CHESKY CONSTRUCTION,,Chesky Construction,,,,,,,,
"Chi Center,  Inc",195,"Chi Center,  Inc","CHI CENTER,  INC",,"Chi Center,  Inc",,,,,,,,
Chick-Fil-A,196,Chick-Fil-A,CHICK-FIL-A,,Chick-Fil-A,,,,,,,,
"Chick'S Service,  Inc",197,"Chick'S Service,  Inc","CHICK'S SERVICE,  INC",,"Chick'S Service,  Inc",,,,,,,,
Children'S Hospital,198,Children'S Hospital,CHILDREN'S HOSPITAL,,Children'S Hospital,,,,,,,,
Chipotle,199,Chipotle,CHIPOTLE,,Chipotle,,,,,,,,
"Christian Sliding,  LLC",200,"Christian Sliding,  LLC","CHRISTIAN SLIDING,  LLC",,"Christian Sliding,  Llc",,,,,,,,
Cintas,201,Cintas,CINTAS,,Cintas,,,,,,,,
City of Alexandria,202,City of Alexandria,CITY OF ALEXANDRIA,,City Of Alexandria,,,,,,,,
City of Baltimore,203,City of Baltimore,CITY OF BALTIMORE,,City Of Baltimore,,,,,,,,
City of Cambridge,204,City of Cambridge,CITY OF CAMBRIDGE,,City Of Cambridge,,,,,,,,
City of Rockville,205,City of Rockville,CITY OF ROCKVILLE,,City Of Rockville,,,,,,,,
Clark Construction,206,Clark Construction,CLARK CONSTRUCTION,,Clark Construction,,,,,,,,
Cleaners of America,207,Cleaners of America,CLEANERS OF AMERICA,,Cleaners Of America,,,,,,,,
Clevenger Construction,208,Clevenger Construction,CLEVENGER CONSTRUCTION,,Clevenger Construction,,,,,,,,
"CMC Sheet Metal,  Inc",209,"CMC Sheet Metal,  Inc","CMC SHEET METAL,  INC",,"Cmc Sheet Metal,  Inc",,,,,,,,
"CMH,  Inc",210,"CMH,  Inc","CMH,  INC",,"Cmh,  Inc",,,,,,,,
CMSI,211,CMSI,CMSI,,Cmsi,,,,,,,,
Coastal Properties Mgmt,212,Coastal Properties Mgmt,COASTAL PROPERTIES MGMT,,Coastal Properties Mgmt,,,,,,,,
Collins Elevator Service,213,Collins Elevator Service,COLLINS ELEVATOR SERVICE,,Collins Elevator Service,,,,,,,,
Colonial Electric,214,Colonial Electric,COLONIAL ELECTRIC,,Colonial Electric,,,,,,,,
Comcast,215,Comcast,COMCAST,,Comcast,,,,,,,,
Comfort Systems Usa,216,Comfort Systems Usa,COMFORT SYSTEMS USA,,Comfort Systems Usa,,,,,,,,
Commercial Trades,217,Commercial Trades,COMMERCIAL TRADES,,Commercial Trades,,,,,,,,
Communicare,218,Communicare,COMMUNICARE,,Communicare,,,,,,,,
Community Housing,219,Community Housing,COMMUNITY HOUSING,,Community Housing,,,,,,,,
Community Landscape Services,220,Community Landscape Services,COMMUNITY LANDSCAPE SERVICES,,Community Landscape Services,,,,,,,,
"Community Living,  Inc",221,"Community Living,  Inc","COMMUNITY LIVING,  INC",,"Community Living,  Inc",,,,,,,,
Compass Group,222,Compass Group,COMPASS GROUP,,Compass Group,,,,,,,,
Compliance Corp,223,Compliance Corp,COMPLIANCE CORP,,Compliance Corp,,,,,,,,
Comtrade,224,Comtrade,COMTRADE,,Comtrade,,,,,,,,
Con Aire,225,Con Aire,CON AIRE,,Con Aire,,,,,,,,
Congression Seafood,226,Congression Seafood,CONGRESSION SEAFOOD,,Congression Seafood,,,,,,,,
Constellis Holdings,227,Constellis Holdings,CONSTELLIS HOLDINGS,,Constellis Holdings,,,,,,,,
"Control Sources,  LLC",228,"Control Sources,  LLC","CONTROL SOURCES,  LLC",,"Control Sources,  Llc",,,,,,,,
Coosemans,229,Coosemans,COOSEMANS,,Coosemans,,,,,,,,
Corbett Technology Solutions,230,Corbett Technology Solutions,CORBETT TECHNOLOGY SOLUTIONS,,Corbett Technology Solutions,,,,,,,,
Cornerstone Staffing,231,Cornerstone Staffing,CORNERSTONE STAFFING,,Cornerstone Staffing,,,,,,,,
Costco Wholesale,232,Costco Wholesale,COSTCO WHOLESALE,,Costco Wholesale,,,,,,,,
Cracker Barrel,233,Cracker Barrel,CRACKER BARREL,,Cracker Barrel,,,,,,,,
Craig Baughman Enterprises,234,Craig Baughman Enterprises,CRAIG BAUGHMAN ENTERPRISES,,Craig Baughman Enterprises,,,,,,,,
"Crane Service Company,  Inc",235,"Crane Service Company,  Inc","CRANE SERVICE COMPANY,  INC",,"Crane Service Company,  Inc",,,,,,,,
"Crew Works,  Inc",236,"Crew Works,  Inc","CREW WORKS,  INC",,"Crew Works,  Inc",,,,,,,,
Croppmetcalfe Services,237,Croppmetcalfe Services,CROPPMETCALFE SERVICES,,Croppmetcalfe Services,,,,,,,,
"Crowell And Moring,  LLP",238,"Crowell And Moring,  LLP","CROWELL AND MORING,  LLP",,"Crowell And Moring,  Llp",,,,,,,,
Crystal Window,239,Crystal Window,CRYSTAL WINDOW,,Crystal Window,,,,,,,,
Cummins Allison Corp,240,Cummins Allison Corp,CUMMINS ALLISON CORP,,Cummins Allison Corp,,,,,,,,
"CVP,  Inc",241,"CVP,  Inc","CVP,  INC",,"Cvp,  Inc",,,,,,,,
CVS,242,CVS,CVS,,Cvs,,,,,,,,
D.S. Pipe And Steel,243,D.S. Pipe And Steel,D.S. PIPE AND STEEL,,D.S. Pipe And Steel,,,,,,,,
"Dafore,  LLC",244,"Dafore,  LLC","DAFORE,  LLC",,"Dafore,  Llc",,,,,,,,
Dairy Farmers of America,245,Dairy Farmers of America,DAIRY FARMERS OF AMERICA,,Dairy Farmers Of America,,,,,,,,
Danaher Corp,246,Danaher Corp,DANAHER CORP,,Danaher Corp,,,,,,,,
"Daniel G. Schuster,  Inc",247,"Daniel G. Schuster,  Inc","DANIEL G. SCHUSTER,  INC",,"Daniel G. Schuster,  Inc",,,,,,,,
Danny Ferrell Masonary,248,Danny Ferrell Masonary,DANNY FERRELL MASONARY,,Danny Ferrell Masonary,,,,,,,,
Daymon Worldwide,249,Daymon Worldwide,DAYMON WORLDWIDE,,Daymon Worldwide,,,,,,,,
DC Dept of Public Works,250,DC Dept of Public Works,DC DEPT OF PUBLIC WORKS,,Dc Dept Of Public Works,,,,,,,,
DC Fire & Ems Dept,251,DC Fire & Ems Dept,DC FIRE & EMS DEPT,,Dc Fire & Ems Dept,,,,,,,,
DC Goodwill,252,DC Goodwill,DC GOODWILL,,Dc Goodwill,,,,,,,,
DC Government,253,DC Government,DC GOVERNMENT,,Dc Government,,,,,,,,
DC Human Resources,254,DC Human Resources,DC HUMAN RESOURCES,,Dc Human Resources,,,,,,,,
DC Public Schools,255,DC Public Schools,DC PUBLIC SCHOOLS,,Dc Public Schools,,,,,,,,
DC Water,256,DC Water,DC WATER,,Dc Water,,,,,,,,
Dean Transportation,257,Dean Transportation,DEAN TRANSPORTATION,,Dean Transportation,,,,,,,,
Delta Concrete,258,Delta Concrete,DELTA CONCRETE,,Delta Concrete,,,,,,,,
Denison Landscaping,259,Denison Landscaping,DENISON LANDSCAPING,,Denison Landscaping,,,,,,,,
Department of Corrections,260,Department of Corrections,DEPARTMENT OF CORRECTIONS,,Department Of Corrections,,,,,,,,
Department of Transportation,261,Department of Transportation,DEPARTMENT OF TRANSPORTATION,,Department Of Transportation,,,,,,,,
Dept of Behavioral Health,262,Dept of Behavioral Health,DEPT OF BEHAVIORAL HEALTH,,Dept Of Behavioral Health,,,,,,,,
Dept of Defense,263,Dept of Defense,DEPT OF DEFENSE,,Dept Of Defense,,,,,,,,
Dept of Interior,264,Dept of Interior,DEPT OF INTERIOR,,Dept Of Interior,,,,,,,,
Dept of Public Works,265,Dept of Public Works,DEPT OF PUBLIC WORKS,,Dept Of Public Works,,,,,,,,
Dept of Va,266,Dept of Va,DEPT OF VA,,Dept Of Va,,,,,,,,
Dept. of Youth Rehabilitation,267,Dept. of Youth Rehabilitation,DEPT. OF YOUTH REHABILITATION,,Dept. Of Youth Rehabilitation,,,,,,,,
Devere Insulation Home Perm.,268,Devere Insulation Home Perm.,DEVERE INSULATION HOME PERM.,,Devere Insulation Home Perm.,,,,,,,,
DHL Express,269,DHL Express,DHL EXPRESS,,Dhl Express,,,,,,,,
Diaz Contractor,270,Diaz Contractor,DIAZ CONTRACTOR,,Diaz Contractor,,,,,,,,
"Dilan Investment,  LLC",271,"Dilan Investment,  LLC","DILAN INVESTMENT,  LLC",,"Dilan Investment,  Llc",,,,,,,,
Diocese of Arlington,272,Diocese of Arlington,DIOCESE OF ARLINGTON,,Diocese Of Arlington,,,,,,,,
Directline,273,Directline,DIRECTLINE,,Directline,,,,,,,,
District Electrical Svcs,274,District Electrical Svcs,DISTRICT ELECTRICAL SVCS,,District Electrical Svcs,,,,,,,,
District V,275,District V,DISTRICT V,,District V,,,,,,,,
Diverse Masonry Corp,276,Diverse Masonry Corp,DIVERSE MASONRY CORP,,Diverse Masonry Corp,,,,,,,,
"Diversified Communications, Inc",277,"Diversified Communications, Inc","DIVERSIFIED COMMUNICATIONS, INC",,"Diversified Communications, Inc",,,,,,,,
Diw Group,278,Diw Group,DIW GROUP,,Diw Group,,,,,,,,
DJB Roofing,279,DJB Roofing,DJB ROOFING,,Djb Roofing,,,,,,,,
DMV,280,DMV,DMV,,Dmv,,,,,,,,
DNG Painting,281,DNG Painting,DNG PAINTING,,Dng Painting,,,,,,,,
Doctors Community Health System,282,Doctors Community Health System,DOCTORS COMMUNITY HEALTH SYS,,Doctors Community Health Sys,,,,,,,,
Dominion Steel,283,Dominion Steel,DOMINION STEEL,,Dominion Steel,,,,,,,,
Domino Sugar,284,Domino Sugar,DOMINO SUGAR,,Domino Sugar,,,,,,,,
Dorian Painting,285,Dorian Painting,DORIAN PAINTING,,Dorian Painting,,,,,,,,
Double T Diner,286,Double T Diner,DOUBLE T DINER,,Double T Diner,,,,,,,,
Doubletree Hotel,287,Doubletree Hotel,DOUBLETREE HOTEL,,Doubletree Hotel,,,,,,,,
Dpi Specialty Foods,288,Dpi Specialty Foods,DPI SPECIALTY FOODS,,Dpi Specialty Foods,,,,,,,,
Dth Contact Services,289,Dth Contact Services,DTH CONTACT SERVICES,,Dth Contact Services,,,,,,,,
Dynamic Contracting,290,Dynamic Contracting,DYNAMIC CONTRACTING,,Dynamic Contracting,,,,,,,,
Dyrs,291,Dyrs,DYRS,,Dyrs,,,,,,,,
"Eagle Automotive,  Inc",292,"Eagle Automotive,  Inc","EAGLE AUTOMOTIVE,  INC",,"Eagle Automotive,  Inc",,,,,,,,
"Eagle Tyvek,  Inc",293,"Eagle Tyvek,  Inc","EAGLE TYVEK,  INC",,"Eagle Tyvek,  Inc",,,,,,,,
"Earth Beautiful,  Inc",294,"Earth Beautiful,  Inc","EARTH BEAUTIFUL,  INC",,"Earth Beautiful,  Inc",,,,,,,,
Eassest Solutions,295,Eassest Solutions,EASSEST SOLUTIONS,,Eassest Solutions,,,,,,,,
East Regional Rebar,296,East Regional Rebar,EAST REGIONAL REBAR,,East Regional Rebar,,,,,,,,
Eastech Painting,297,Eastech Painting,EASTECH PAINTING,,Eastech Painting,,,,,,,,
"Eastern Lift Truck Co,  Inc",298,"Eastern Lift Truck Co,  Inc","EASTERN LIFT TRUCK CO,  INC",,"Eastern Lift Truck Co,  Inc",,,,,,,,
Ebenezer Roofing,299,Ebenezer Roofing,EBENEZER ROOFING,,Ebenezer Roofing,,,,,,,,
EJ Dwyer,300,EJ Dwyer,EJ DWYER,,Ej Dwyer,,,,,,,,
"Elite Spice,  Inc",301,"Elite Spice,  Inc","ELITE SPICE,  INC",,"Elite Spice,  Inc",,,,,,,,
Ellicott Dredges,302,Ellicott Dredges,ELLICOTT DREDGES,,Ellicott Dredges,,,,,,,,
ENG,303,ENG,ENG,,Eng,,,,,,,,
Envirosolutions Holdings,304,Envirosolutions Holdings,ENVIROSOLUTIONS HOLDINGS,,Envirosolutions Holdings,,,,,,,,
Envision Glass,305,Envision Glass,ENVISION GLASS,,Envision Glass,,,,,,,,
Ergoscience,306,Ergoscience,ERGOSCIENCE,,Ergoscience,,,,,,,,
Ericsson,307,Ericsson,ERICSSON,,Ericsson,,,,,,,,
"Erp International,  Inc",308,"Erp International,  Inc","ERP INTERNATIONAL,  INC",,"Erp International,  Inc",,,,,,,,
Esco Ltd/Shoe City,309,Esco Ltd/Shoe City,ESCO LTD/SHOE CITY,,Esco Ltd/Shoe City,,,,,,,,
"Ev Air Tight Shoemaker,  Inc",310,"Ev Air Tight Shoemaker,  Inc","EV AIR TIGHT SHOEMAKER,  INC",,"Ev Air Tight Shoemaker,  Inc",,,,,,,,
Everest Insurance Company,311,Everest Insurance Company,EVEREST INSURANCE COMPANY,,Everest Insurance Company,,,,,,,,
Evolution Insurance,312,Evolution Insurance,EVOLUTION INSURANCE,,Evolution Insurance,,,,,,,,
"Evolver,  LLC",313,"Evolver,  LLC","EVOLVER,  LLC",,"Evolver,  Llc",,,,,,,,
Exclusive Elevations,314,Exclusive Elevations,EXCLUSIVE ELEVATIONS,,Exclusive Elevations,,,,,,,,
Executive Maintenance Inc,315,Executive Maintenance Inc,EXECUTIVE MAINTENANCE INC,,Executive Maintenance Inc,,,,,,,,
Exelon South,316,Exelon South,EXELON SOUTH,,Exelon South,,,,,,,,
"Expedition Technology,  Inc",317,"Expedition Technology,  Inc","EXPEDITION TECHNOLOGY,  INC",,"Expedition Technology,  Inc",,,,,,,,
Fairfax City,318,Fairfax City,FAIRFAX CITY,,Fairfax City,,,,,,,,
Fairfax County,319,Fairfax County,FAIRFAX COUNTY,,Fairfax County,,,,,,,,
Fairfax County Public Schools,320,Fairfax County Public Schools,FAIRFAX COUNTY PUBLIC SCHOOLS,,Fairfax County Public Schools,,,,,,,,
Fairfax Excavation Paving,321,Fairfax Excavation Paving,FAIRFAX EXCAVATION PAVING,,Fairfax Excavation Paving,,,,,,,,
Fairfax Rehab & Nursing Center,322,Fairfax Rehab & Nursing Center,FAIRFAX REHAB & NURSING CENTER,,Fairfax Rehab & Nursing Center,,,,,,,,
Fairlington Villages,323,Fairlington Villages,FAIRLINGTON VILLAGES,,Fairlington Villages,,,,,,,,
Fanjul Corp,324,Fanjul Corp,FANJUL CORP,,Fanjul Corp,,,,,,,,
FedEx Corp,325,FedEx Corp,FEDEX CORP,,Fedex Corp,,,,,,,,
Ferguson Neudorf Glass,326,Ferguson Neudorf Glass,FERGUSON NEUDORF GLASS,,Ferguson Neudorf Glass,,,,,,,,
"Ferguson Us Holdings,  Inc",327,"Ferguson Us Holdings,  Inc","FERGUSON US HOLDINGS,  INC",,"Ferguson Us Holdings,  Inc",,,,,,,,
Finley Asphalt & Sealing Inc,328,Finley Asphalt & Sealing Inc,FINLEY ASPHALT & SEALING INC,,Finley Asphalt & Sealing Inc,,,,,,,,
First Rehabilitation,329,First Rehabilitation,FIRST REHABILITATION,,First Rehabilitation,,,,,,,,
First Transit,330,First Transit,FIRST TRANSIT,,First Transit,,,,,,,,
Firvida Construction,331,Firvida Construction,FIRVIDA CONSTRUCTION,,Firvida Construction,,,,,,,,
Fitzgerald Auto Mall,332,Fitzgerald Auto Mall,FITZGERALD AUTO MALL,,Fitzgerald Auto Mall,,,,,,,,
Fives Cinetic,333,Fives Cinetic,FIVES CINETIC,,Fives Cinetic,,,,,,,,
Flagship Carwash,334,Flagship Carwash,FLAGSHIP CARWASH,,Flagship Carwash,,,,,,,,
Food Lion,335,Food Lion,FOOD LION,,Food Lion,,,,,,,,
"Forman,  Inc",336,"Forman,  Inc","FORMAN,  INC",,"Forman,  Inc",,,,,,,,
Fort Detrick,337,Fort Detrick,FORT DETRICK,,Fort Detrick,,,,,,,,
Fort Myer Construction,338,Fort Myer Construction,FORT MYER CONSTRUCTION,,Fort Myer Construction,,,,,,,,
Fortune Windows Corp,339,Fortune Windows Corp,FORTUNE WINDOWS CORP,,Fortune Windows Corp,,,,,,,,
Four Seasons Hotel DC,340,Four Seasons Hotel DC,FOUR SEASONS HOTEL DC,,Four Seasons Hotel Dc,,,,,,,,
Frederick County,341,Frederick County,FREDERICK COUNTY,,Frederick County,,,,,,,,
Frederick County BOE,342,Frederick County BOE,FREDERICK COUNTY BOE,,Frederick County Boe,,,,,,,,
Frederick County Human Society,343,Frederick County Human Society,FREDERICK COUNTY HUMAN SOCIETY,,Frederick County Human Society,,,,,,,,
Frederick County Public Schools,344,Frederick County Public Schools,FREDERICK COUNTY PUBLIC SCHOOLS,,Frederick County Public Schools,,,,,,,,
Frederick Memorial Hospital,345,Frederick Memorial Hospital,FREDERICK MEMORIAL HOSPITAL,,Frederick Memorial Hospital,,,,,,,,
Freedom Tree Service,346,Freedom Tree Service,FREEDOM TREE SERVICE,,Freedom Tree Service,,,,,,,,
Freestate of Virginia,347,Freestate of Virginia,FREESTATE OF VIRGINIA,,Freestate Of Virginia,,,,,,,,
Freshly,348,Freshly,FRESHLY,,Freshly,,,,,,,,
Ft. Washington Nursing Home,349,Ft. Washington Nursing Home,FT. WASHINGTON NURSING HOME,,Ft. Washington Nursing Home,,,,,,,,
"Fusion Logistics,  Inc",350,"Fusion Logistics,  Inc","FUSION LOGISTICS,  INC",,"Fusion Logistics,  Inc",,,,,,,,
Future Care,351,Future Care,FUTURE CARE,,Future Care,,,,,,,,
Garden Leasing,352,Garden Leasing,GARDEN LEASING,,Garden Leasing,,,,,,,,
Gate Gourmet,353,Gate Gourmet,GATE GOURMET,,Gate Gourmet,,,,,,,,
General Contracting Drywall,354,General Contracting Drywall,GENERAL CONTRACTING DRYWALL,,General Contracting Drywall,,,,,,,,
Genesis Construction,355,Genesis Construction,GENESIS CONSTRUCTION,,Genesis Construction,,,,,,,,
Genesis Health Care,356,Genesis Health Care,GENESIS HEALTH CARE,,Genesis Health Care,,,,,,,,
Genon Mid-Atlantic,357,Genon Mid-Atlantic,GENON MID-ATLANTIC,,Genon Mid-Atlantic,,,,,,,,
George Mason University,358,George Mason University,GEORGE MASON UNIVERSITY,,George Mason University,,,,,,,,
George R. Smalley Co,359,George R. Smalley Co,GEORGE R. SMALLEY CO,,George R. Smalley Co,,,,,,,,
Giant Foods,360,Giant Foods,GIANT FOODS,,Giant Foods,,,,,,,,
Glass Tech,361,Glass Tech,GLASS TECH,,Glass Tech,,,,,,,,
GLB Tile And Marble Co,362,GLB Tile And Marble Co,GLB TILE AND MARBLE CO,,Glb Tile And Marble Co,,,,,,,,
"GMS,  Inc",363,"GMS,  Inc","GMS,  INC",,"Gms,  Inc",,,,,,,,
Golden State Foods,364,Golden State Foods,GOLDEN STATE FOODS,,Golden State Foods,,,,,,,,
Goodman Global Group,365,Goodman Global Group,GOODMAN GLOBAL GROUP,,Goodman Global Group,,,,,,,,
Goodwill of Greater Washington,366,Goodwill of Greater Washington,GOODWILL OF GREATER WASHINGTON,,Goodwill Of Greater Washington,,,,,,,,
Goodwin House,367,Goodwin House,GOODWIN HOUSE,,Goodwin House,,,,,,,,
Gordon Food Service,368,Gordon Food Service,GORDON FOOD SERVICE,,Gordon Food Service,,,,,,,,
"Gorman,  Construction",369,"Gorman,  Construction","GORMAN,  CONSTRUCTION",,"Gorman,  Construction",,,,,,,,
"Grace Healthcare,  LLC",370,"Grace Healthcare,  LLC","GRACE HEALTHCARE,  LLC",,"Grace Healthcare,  Llc",,,,,,,,
"Graceful Care,  Inc",371,"Graceful Care,  Inc","GRACEFUL CARE,  INC",,"Graceful Care,  Inc",,,,,,,,
Green Village Concrete,372,Green Village Concrete,GREEN VILLAGE CONCRETE,,Green Village Concrete,,,,,,,,
Griffith Energy,373,Griffith Energy,GRIFFITH ENERGY,,Griffith Energy,,,,,,,,
"Gs Management,  LLC",374,"Gs Management,  LLC","GS MANAGEMENT,  LLC",,"Gs Management,  Llc",,,,,,,,
Guardian Realty Management,375,Guardian Realty Management,GUARDIAN REALTY MANAGEMENT,,Guardian Realty Management,,,,,,,,
H & M Wanger Son Inc,376,H & M Wanger Son Inc,H & M WANGER SON INC,,H & M Wanger Son Inc,,,,,,,,
H&S Bakery,377,H&S Bakery,H&S BAKERY,,H&S Bakery,,,,,,,,
H.H. Omps Inc,378,H.H. Omps Inc,H.H. OMPS INC,,H.H. Omps Inc,,,,,,,,
H.U. Falcon Light Carpentry,379,H.U. Falcon Light Carpentry,H.U. FALCON LIGHT CARPENTRY,,H.U. Falcon Light Carpentry,,,,,,,,
Hampton Inn Bayview,380,Hampton Inn Bayview,HAMPTON INN BAYVIEW,,Hampton Inn Bayview,,,,,,,,
Harford Center,381,Harford Center,HARFORD CENTER,,Harford Center,,,,,,,,
Haverty'S Furniture Companies,382,Haverty'S Furniture Companies,HAVERTY'S FURNITURE COMPANIES,,Haverty'S Furniture Companies,,,,,,,,
Hearing & Speech Agency,383,Hearing & Speech Agency,HEARING & SPEECH AGENCY,,Hearing & Speech Agency,,,,,,,,
Heart Rhythm Society,384,Heart Rhythm Society,HEART RHYTHM SOCIETY,,Heart Rhythm Society,,,,,,,,
Heartfield Assistant Living,385,Heartfield Assistant Living,HEARTFIELD ASSISTANT LIVING,,Heartfield Assistant Living,,,,,,,,
Helix Electric,386,Helix Electric,HELIX ELECTRIC,,Helix Electric,,,,,,,,
Henderson Webb,387,Henderson Webb,HENDERSON WEBB,,Henderson Webb,,,,,,,,
Henry J Knott,388,Henry J Knott,HENRY J KNOTT,,Henry J Knott,,,,,,,,
Heritage Landscape,389,Heritage Landscape,HERITAGE LANDSCAPE,,Heritage Landscape,,,,,,,,
Hermitage Northern Va,390,Hermitage Northern Va,HERMITAGE NORTHERN VA,,Hermitage Northern Va,,,,,,,,
Hhhunt - Spring Arbor,391,Hhhunt - Spring Arbor,HHHUNT - SPRING ARBOR,,Hhhunt - Spring Arbor,,,,,,,,
High Noon Waterproofing,392,High Noon Waterproofing,HIGH NOON WATERPROOFING,,High Noon Waterproofing,,,,,,,,
Highlander Contracting Co.,393,Highlander Contracting Co.,HIGHLANDER CONTRACTING CO.,,Highlander Contracting Co.,,,,,,,,
Hilton Garden Inn,394,Hilton Garden Inn,HILTON GARDEN INN,,Hilton Garden Inn,,,,,,,,
"Hirschfel Management,  Inc",395,"Hirschfel Management,  Inc","HIRSCHFEL MANAGEMENT,  INC",,"Hirschfel Management,  Inc",,,,,,,,
HMR,396,HMR,HMR,,Hmr,,,,,,,,
"Hogan Lovells Us,  LLP",397,"Hogan Lovells Us,  LLP","HOGAN LOVELLS US,  LLP",,"Hogan Lovells Us,  Llp",,,,,,,,
Holly Hills Cemetary,398,Holly Hills Cemetary,HOLLY HILLS CEMETARY,,Holly Hills Cemetary,,,,,,,,
"Holly Poultry Co,  Inc",399,"Holly Poultry Co,  Inc","HOLLY POULTRY CO,  INC",,"Holly Poultry Co,  Inc",,,,,,,,
Home Paramount Pest Control,400,Home Paramount Pest Control,HOME PARAMOUNT PEST CONTROL,,Home Paramount Pest Control,,,,,,,,
"Homecare Maryland,  LLC",401,"Homecare Maryland,  LLC","HOMECARE MARYLAND,  LLC",,"Homecare Maryland,  Llc",,,,,,,,
Homewood Retirement,402,Homewood Retirement,HOMEWOOD RETIREMENT,,Homewood Retirement,,,,,,,,
Homewood Suites,403,Homewood Suites,HOMEWOOD SUITES,,Homewood Suites,,,,,,,,
Horizon,404,Horizon,HORIZON,,Horizon,,,,,,,,
Horn Electric,405,Horn Electric,HORN ELECTRIC,,Horn Electric,,,,,,,,
Horseshoe Casino,406,Horseshoe Casino,HORSESHOE CASINO,,Horseshoe Casino,,,,,,,,
Hospitality Staffing Solutions,407,Hospitality Staffing Solutions,HOSPITALITY STAFFING SOLUTIONS,,Hospitality Staffing Solutions,,,,,,,,
Howard County Police Dept,408,Howard County Police Dept,HOWARD COUNTY POLICE DEPT,,Howard County Police Dept,,,,,,,,
"HR Service Group,  LLC",409,"HR Service Group,  LLC","HR SERVICE GROUP,  LLC",,"Hr Service Group,  Llc",,,,,,,,
Hub Group Trucking,410,Hub Group Trucking,HUB GROUP TRUCKING,,Hub Group Trucking,,,,,,,,
"Hunt Ford,  Inc",411,"Hunt Ford,  Inc","HUNT FORD,  INC",,"Hunt Ford,  Inc",,,,,,,,
Hupec,412,Hupec,HUPEC,,Hupec,,,,,,,,
I Vision Consulting,413,I Vision Consulting,I VISION CONSULTING,,I Vision Consulting,,,,,,,,
IBS,414,IBS,IBS,,Ibs,,,,,,,,
ICDOT,415,ICDOT,ICDOT,,Icdot,,,,,,,,
"IET Corp,  Turner Construction",416,"IET Corp,  Turner Construction","IET CORP,  TURNER CONSTRUCTION",,"Iet Corp,  Turner Construction",,,,,,,,
"Independent Steel,  LLC",417,"Independent Steel,  LLC","INDEPENDENT STEEL,  LLC",,"Independent Steel,  Llc",,,,,,,,
"Infiniti Technologies,  Inc",418,"Infiniti Technologies,  Inc","INFINITi TECHNOLOGIES,  INC",,"Infiniti Technologies,  Inc",,,,,,,,
Inova Fairfax Hospital,419,Inova Fairfax Hospital,INOVA FAIRFAX HOSPITAL,,Inova Fairfax Hospital,,,,,,,,
Integrated Moving Systems,420,Integrated Moving Systems,INTEGRATED MOVING SYSTEMS,,Integrated Moving Systems,,,,,,,,
"Interfinish,  LLC",421,"Interfinish,  LLC","INTERFINISH,  LLC",,"Interfinish,  Llc",,,,,,,,
International Warehouse,422,International Warehouse,INTERNATIONAL WAREHOUSE,,International Warehouse,,,,,,,,
LYL Construction,423,LYL Construction,IYL CONSTRUCTION,,Iyl Construction,,,,,,,,
"J&J Trash Removal,  Inc",424,"J&J Trash Removal,  Inc","J&J TRASH REMOVAL,  INC",,"J&J Trash Removal,  Inc",,,,,,,,
J&S1 Services,425,J&S1 Services,J&S1 SERVICES,,J&S1 Services,,,,,,,,
Jack Cooper Transit,426,Jack Cooper Transit,JACK COOPER TRANSIT,,Jack Cooper Transit,,,,,,,,
Jacobs Technology,427,Jacobs Technology,JACOBS TECHNOLOGY,,Jacobs Technology,,,,,,,,
James River Petroleum,428,James River Petroleum,JAMES RIVER PETROLEUM,,James River Petroleum,,,,,,,,
Janc Construction,429,Janc Construction,JANC CONSTRUCTION,,Janc Construction,,,,,,,,
JB Hunt,430,JB Hunt,JB HUNT,,Jb Hunt,,,,,,,,
JBD Exterior,431,JBD Exterior,JBD EXTERIOR,,Jbd Exterior,,,,,,,,
"JC General Contractor,  LLC",432,"JC General Contractor,  LLC","JC GENERAL CONTRACTOR,  LLC",,"Jc General Contractor,  Llc",,,,,,,,
JC Penney,433,JC Penney,JC PENNEY,,Jc Penney,,,,,,,,
JCB Services,434,JCB Services,JCB SERVICES,,Jcb Services,,,,,,,,
"JGL Construction,  Inc",435,"JGL Construction,  Inc","JGL CONSTRUCTION,  INC",,"Jgl Construction,  Inc",,,,,,,,
JJ Inc,436,JJ Inc,JJ INC,,Jj Inc,,,,,,,,
JJJ Construction Service,437,JJJ Construction Service,JJJ CONSTRUCTION SERVICE,,Jjj Construction Service,,,,,,,,
JL Tree Service,438,JL Tree Service,JL TREE SERVICE,,Jl Tree Service,,,,,,,,
John Driggs Company,439,John Driggs Company,JOHN DRIGGS COMPANY,,John Driggs Company,,,,,,,,
John G Landscape,440,John G Landscape,JOHN G LANDSCAPE,,John G Landscape,,,,,,,,
Johns Hopkins Hospital,441,Johns Hopkins Hospital,JOHNS HOPKINS HOSPITAL,,Johns Hopkins Hospital,,,,,,,,
Johns Hopkins University,442,Johns Hopkins University,JOHNS HOPKINS UNIVERSITY,,Johns Hopkins University,,,,,,,,
Johnson-Brito Management,443,Johnson-Brito Management,JOHNSON-BRITO MANAGEMENT,,Johnson-Brito Management,,,,,,,,
Jones Networking Assoc.,444,Jones Networking Assoc.,JONES NETWORKING ASSOC.,,Jones Networking Assoc.,,,,,,,,
Joseph H. Banks,445,Joseph H. Banks,JOSEPH H. BANKS,,Joseph H. Banks,,,,,,,,
Joseph Reyes Contractors,446,Joseph Reyes Contractors,JOSEPH REYES CONTRACTORS,,Joseph Reyes Contractors,,,,,,,,
Julio & Sons,447,Julio & Sons,JULIO & SONS,,Julio & Sons,,,,,,,,
Karon Masonry,448,Karon Masonry,KARON MASONRY,,Karon Masonry,,,,,,,,
Keller Transportation,449,Keller Transportation,KELLER TRANSPORTATION,,Keller Transportation,,,,,,,,
"Kelly Services,  Inc",450,"Kelly Services,  Inc","KELLY SERVICES,  INC",,"Kelly Services,  Inc",,,,,,,,
Kenmore Middle School,451,Kenmore Middle School,KENMORE MIDDLE SCHOOL,,Kenmore Middle School,,,,,,,,
Kensington Glass Arts,452,Kensington Glass Arts,KENSINGTON GLASS ARTS,,Kensington Glass Arts,,,,,,,,
Kiewit Corporation,453,Kiewit Corporation,KIEWIT CORPORATION,,Kiewit Corporation,,,,,,,,
Kikosing Construction,454,Kikosing Construction,KIKOSING CONSTRUCTION,,Kikosing Construction,,,,,,,,
Kindercare Education,455,Kindercare Education,KINDERCARE EDUCATION,,Kindercare Education,,,,,,,,
King'S Remodeling,456,King'S Remodeling,KING'S REMODELING,,King'S Remodeling,,,,,,,,
Koons Ford,457,Koons Ford,KOONS FORD,,Koons Ford,,,,,,,,
L&J Equipment,458,L&J Equipment,L&J EQUIPMENT,,L&J Equipment,,,,,,,,
"L&R Enterprise,  LLC",459,"L&R Enterprise,  LLC","L&R ENTERPRISE,  LLC",,"L&R Enterprise,  Llc",,,,,,,,
L&W Supply,460,L&W Supply,L&W SUPPLY,,L&W Supply,,,,,,,,
Lamberts Cable Splicing Co,461,Lamberts Cable Splicing Co,LAMBERTS CABLE SPLICING CO,,Lamberts Cable Splicing Co,,,,,,,,
Landscape Specialty Solutions,462,Landscape Specialty Solutions,LANDSCAPE SPECIALTY SOLUTIONS,,Landscape Specialty Solutions,,,,,,,,
"Langton Green,  Inc",463,"Langton Green,  Inc","LANGTON GREEN,  INC",,"Langton Green,  Inc",,,,,,,,
Laurean Health,464,Laurean Health,LAUREAN HEALTH,,Laurean Health,,,,,,,,
Laurel Glass & Mirror Co,465,Laurel Glass & Mirror Co,LAUREL GLASS & MIRROR CO,,Laurel Glass & Mirror Co,,,,,,,,
Lauren Hill,466,Lauren Hill,LAUREN HILL,,Lauren Hill,,,,,,,,
Leonardtown Chevrolet,467,Leonardtown Chevrolet,LEONARDTOWN CHEVROLET,,Leonardtown Chevrolet,,,,,,,,
Level Green,468,Level Green,LEVEL GREEN,,Level Green,,,,,,,,
Lincare,469,Lincare,LINCARE,,Lincare,,,,,,,,
"Lines Construction,  Inc",470,"Lines Construction,  Inc","LINES CONSTRUCTION,  INC",,"Lines Construction,  Inc",,,,,,,,
Lisbon Concrete Corp,471,Lisbon Concrete Corp,LISBON CONCRETE CORP,,Lisbon Concrete Corp,,,,,,,,
Local H,472,Local H,LOCAL H,,Local H,,,,,,,,
"Lockheed Martin,  Corp",473,"Lockheed Martin,  Corp","LOCKHEED MARTIN,  CORP",,"Lockheed Martin,  Corp",,,,,,,,
Lonza,474,Lonza,LONZA,,Lonza,,,,,,,,
"Loomis Armored,  Inc",475,"Loomis Armored,  Inc","LOOMIS ARMORED,  INC",,"Loomis Armored,  Inc",,,,,,,,
Lorien Hill,476,Lorien Hill,LORIEN HILL,,Lorien Hill,,,,,,,,
Lorton Stone,477,Lorton Stone,LORTON STONE,,Lorton Stone,,,,,,,,
Louden County Sheriff Dept,478,Louden County Sheriff Dept,LOUDEN COUNTY SHERIFF DEPT,,Louden County Sheriff Dept,,,,,,,,
Loudon County Public Schools,479,Loudon County Public Schools,LOUDON COUNTY PUBLIC SCHOOLS,,Loudon County Public Schools,,,,,,,,
Lowe's,480,Lowe's,LOWE'S,,Lowe'S,,,,,,,,
"Lucky Dog,  LLC",481,"Lucky Dog,  LLC","LUCKY DOG,  LLC",,"Lucky Dog,  Llc",,,,,,,,
"Lundbeck,  LLC",482,"Lundbeck,  LLC","LUNDBECK,  LLC",,"Lundbeck,  Llc",,,,,,,,
"M&F Concrete,  Inc",483,"M&F Concrete,  Inc","M&F CONCRETE,  INC",,"M&F Concrete,  Inc",,,,,,,,
Macy's,484,Macy's,MACY'S,,Macy'S,,,,,,,,
Madison Heights Glass Co,485,Madison Heights Glass Co,MADISON HEIGHTS GLASS CO,,Madison Heights Glass Co,,,,,,,,
Magnolia,486,Magnolia,MAGNOLIA,,Magnolia,,,,,,,,
Maid Bright,487,Maid Bright,MAID BRIGHT,,Maid Bright,,,,,,,,
"Manganaro Midatlantic,  LLC",488,"Manganaro Midatlantic,  LLC","MANGANARO MIDATLANTIC,  LLC",,"Manganaro Midatlantic,  Llc",,,,,,,,
Manor Montessori Schools,489,Manor Montessori Schools,MANOR MONTESSORI SCHOOLS,,Manor Montessori Schools,,,,,,,,
Marines Plumbing,490,Marines Plumbing,MARINES PLUMBING,,Marines Plumbing,,,,,,,,
"Marks Building Systems,  Inc",491,"Marks Building Systems,  Inc","MARKS BUILDING SYSTEMS,  INC",,"Marks Building Systems,  Inc",,,,,,,,
Marriott,492,Marriott,MARRIOTT,,Marriott,,,,,,,,
Maryland Correctional Center,493,Maryland Correctional Center,MARYLAND CORRECTIONAL CENTER,,Maryland Correctional Center,,,,,,,,
Maryland Maintenance,494,Maryland Maintenance,MARYLAND MAINTENANCE,,Maryland Maintenance,,,,,,,,
Maryland State Police,495,Maryland State Police,MARYLAND STATE POLICE,,Maryland State Police,,,,,,,,
Maryland Transportation Auth,496,Maryland Transportation Auth,MARYLAND TRANSPORTATION AUTH,,Maryland Transportation Auth,,,,,,,,
"Mastec,  Inc",497,"Mastec,  Inc","MASTEC,  INC",,"Mastec,  Inc",,,,,,,,
Master Care Flooring,498,Master Care Flooring,MASTER CARE FLOORING,,Master Care Flooring,,,,,,,,
Matchman Electrical Control,499,Matchman Electrical Control,MATCHMAN ELECTRICAL CONTROL,,Matchman Electrical Control,,,,,,,,
Matrix Painting,500,Matrix Painting,MATRIX PAINTING,,Matrix Painting,,,,,,,,
Mayes Port-A-Pot,501,Mayes Port-A-Pot,MAYES PORT-A-POT,,Mayes Port-A-Pot,,,,,,,,
"Mazzella Holding Co,  Inc",502,"Mazzella Holding Co,  Inc","MAZZELLA HOLDING CO,  INC",,"Mazzella Holding Co,  Inc",,,,,,,,
Mbm Drywall And Finisher,503,Mbm Drywall And Finisher,MBM DRYWALL AND FINISHER,,Mbm Drywall And Finisher,,,,,,,,
Mc Dean,504,Mc Dean,MC DEAN,,Mc Dean,,,,,,,,
Mccarthy Tire,505,Mccarthy Tire,MCCARTHY TIRE,,Mccarthy Tire,,,,,,,,
Mcdonald's,506,Mcdonald's,MCDONALD'S,,Mcdonald'S,,,,,,,,
Mcfall & Berry Landscape,507,Mcfall & Berry Landscape,MCFALL & BERRY LANDSCAPE,,Mcfall & Berry Landscape,,,,,,,,
Mchall Handling Company,508,Mchall Handling Company,MCHALL HANDLING COMPANY,,Mchall Handling Company,,,,,,,,
"Mclane Company,  Inc",509,"Mclane Company,  Inc","MCLANE COMPANY,  INC",,"Mclane Company,  Inc",,,,,,,,
MCSIP,510,MCSIP,MCSIP,,Mcsip,,,,,,,,
MCSIP Dept of Transportation,511,MCSIP Dept of Transportation,MCSIP DEPT OF TRANSPORTATION,,Mcsip Dept Of Transportation,,,,,,,,
MD Remote Worksite,512,MD Remote Worksite,MD REMOTE WORKSITE,,Md Remote Worksite,,,,,,,,
MD UEF,513,MD UEF,MD UEF,,Md Uef,,,,,,,,
"MDR Construction,  Inc",514,"MDR Construction,  Inc","MDR CONSTRUCTION,  INC",,"Mdr Construction,  Inc",,,,,,,,
"Meadows Farms,  Inc",515,"Meadows Farms,  Inc","MEADOWS FARMS,  INC",,"Meadows Farms,  Inc",,,,,,,,
"Mecco,  Inc",516,"Mecco,  Inc","MECCO,  INC",,"Mecco,  Inc",,,,,,,,
Meckley Service,517,Meckley Service,MECKLEY SERVICE,,Meckley Service,,,,,,,,
Medical Service Solutions,518,Medical Service Solutions,MEDICAL SERVICE SOLUTIONS,,Medical Service Solutions,,,,,,,,
Medical Services of America,519,Medical Services of America,MEDICAL SERVICES OF AMERICA,,Medical Services Of America,,,,,,,,
Medieval Times,520,Medieval Times,MEDIEVAL TIMES,,Medieval Times,,,,,,,,
Medstar - NRH,521,Medstar - NRH,MEDSTAR - NRH,,Medstar - Nrh,,,,,,,,
Medstar Franklin Square,522,Medstar Franklin Square,MEDSTAR FRANKLIN SQUARE,,Medstar Franklin Square,,,,,,,,
Medstar Mont. Medical Ctr,523,Medstar Mont. Medical Ctr,MEDSTAR MONT. MEDICAL CTR,,Medstar Mont. Medical Ctr,,,,,,,,
Melwood,524,Melwood,MELWOOD,,Melwood,,,,,,,,
Menzie'S Aviation,525,Menzie'S Aviation,MENZIE'S AVIATION,,Menzie'S Aviation,,,,,,,,
Meridian Senior Living,526,Meridian Senior Living,MERIDIAN SENIOR LIVING,,Meridian Senior Living,,,,,,,,
Merit Logistics,527,Merit Logistics,MERIT LOGISTICS,,Merit Logistics,,,,,,,,
Merrifield Garden Center,528,Merrifield Garden Center,MERRIFIELD GARDEN CENTER,,Merrifield Garden Center,,,,,,,,
Merritt Builders,529,Merritt Builders,MERRITT BUILDERS,,Merritt Builders,,,,,,,,
MES Corporate Employees,530,MES Corporate Employees,MES CORPORATE EMPLOYEES,,Mes Corporate Employees,,,,,,,,
Metro Paving Corp,531,Metro Paving Corp,METRO PAVING CORP,,Metro Paving Corp,,,,,,,,
"Metropolitan Building Svs,  Inc",532,"Metropolitan Building Svs,  Inc","METROPOLITAN BUILDING SVS,  INC",,"Metropolitan Building Svs,  Inc",,,,,,,,
Metropolitan Logistics,533,Metropolitan Logistics,METROPOLITAN LOGISTICS,,Metropolitan Logistics,,,,,,,,
Metropolitan Meat And Poultry,534,Metropolitan Meat And Poultry,METROPOLITAN MEAT AND POULTRY,,Metropolitan Meat And Poultry,,,,,,,,
Metropolitan Trans Authority,535,Metropolitan Trans Authority,METROPOLITAN TRANS AUTHORITY,,Metropolitan Trans Authority,,,,,,,,
MGM Resorts,536,MGM Resorts,MGM RESORTS,,Mgm Resorts,,,,,,,,
Microsoft,537,Microsoft,MICROSOFT,,Microsoft,,,,,,,,
Midas Utilities,538,Midas Utilities,MIDAS UTILITIES,,Midas Utilities,,,,,,,,
Miller & Long Company,539,Miller & Long Company,MILLER & LONG COMPANY,,Miller & Long Company,,,,,,,,
Miller Toyota,540,Miller Toyota,MILLER TOYOTA,,Miller Toyota,,,,,,,,
"MJ Morgan Group,  LLC",541,"MJ Morgan Group,  LLC","MJ MORGAN GROUP,  LLC",,"Mj Morgan Group,  Llc",,,,,,,,
Mobile Parts Pro,542,Mobile Parts Pro,MOBILE PARTS PRO,,Mobile Parts Pro,,,,,,,,
"Model Electronics,  Inc",543,"Model Electronics,  Inc","MODEL ELECTRONICS,  INC",,"Model Electronics,  Inc",,,,,,,,
Mohawk Bridge & Iron Co,544,Mohawk Bridge & Iron Co,MOHAWK BRIDGE & IRON CO,,Mohawk Bridge & Iron Co,,,,,,,,
Mona Electric,545,Mona Electric,MONA ELECTRIC,,Mona Electric,,,,,,,,
Monday Properties,546,Monday Properties,MONDAY PROPERTIES,,Monday Properties,,,,,,,,
Montgomery Co. Correctional Fac,547,Montgomery Co. Correctional Fac,MONTGOMERY CO. CORRECTIONAL FAC,,Montgomery Co. Correctional Fac,,,,,,,,
Montgomery Co. Fire And Rescue,548,Montgomery Co. Fire And Rescue,MONTGOMERY CO. FIRE AND RESCUE,,Montgomery Co. Fire And Rescue,,,,,,,,
Montgomery Co. Abs,549,Montgomery Co. Abs,MONTGOMERY CO. ABS,,Montgomery Co. Abs,,,,,,,,
Montgomery Co. Govt.,550,Montgomery Co. Govt.,MONTGOMERY CO. GOVT.,,Montgomery Co. Govt.,,,,,,,,
Montgomery Co. Police Dept,551,Montgomery Co. Police Dept,MONTGOMERY CO. POLICE DEPT,,Montgomery Co. Police Dept,,,,,,,,
Montgomery Co. Transit,552,Montgomery Co. Transit,MONTGOMERY CO. TRANSIT,,Montgomery Co. Transit,,,,,,,,
Montgomery Co. Public Schools,553,Montgomery Co. Public Schools,MONTGOMERY CO. PUBLIC SCHOOLS,,Montgomery Co. Public Schools,,,,,,,,
Montgomery Co. Parks,554,Montgomery Co. Parks,MONTGOMERY CO. PARKS,,Montgomery Co. Parks,,,,,,,,
Monumental Concrete,555,Monumental Concrete,MONUMENTAL CONCRETE,,Monumental Concrete,,,,,,,,
"Morales Lanscaping,  LLC",556,"Morales Lanscaping,  LLC","MORALES LANSCAPING,  LLC",,"Morales Lanscaping,  Llc",,,,,,,,
Morgan Property Mgmt,557,Morgan Property Mgmt,MORGAN PROPERTY MGMT,,Morgan Property Mgmt,,,,,,,,
Morgan State University,558,Morgan State University,MORGAN STATE UNIVERSITY,,Morgan State University,,,,,,,,
Mozzix/Mosquito Joe,559,Mozzix/Mosquito Joe,MOZZIX/MOSQUITO JOE,,Mozzix/Mosquito Joe,,,,,,,,
MRDCC,560,MRDCC,MRDCC,,Mrdcc,,,,,,,,
MRHSIF,561,MRHSIF,MRHSIF,,Mrhsif,,,,,,,,
MSI,562,MSI,MSI,,Msi,,,,,,,,
MTA,563,MTA,MTA,,Mta,,,,,,,,
MWAA,564,MWAA,MWAA,,Mwaa,,,,,,,,
"Myers Shell Nekan,  Inc",565,"Myers Shell Nekan,  Inc","MYERS SHELL NEKAN,  INC",,"Myers Shell Nekan,  Inc",,,,,,,,
"N2 Auto Detailing,  LLC",566,"N2 Auto Detailing,  LLC","N2 AUTO DETAILING,  LLC",,"N2 Auto Detailing,  Llc",,,,,,,,
Nadsac Washington,567,Nadsac Washington,NADSAC WASHINGTON,,Nadsac Washington,,,,,,,,
Narendra Shah Dba - 7 Eleven,568,Narendra Shah Dba - 7 Eleven,NARENDRA SHAH DBA - 7 ELEVEN,,Narendra Shah Dba - 7 Eleven,,,,,,,,
National Cable Satellite,569,National Cable Satellite,NATIONAL CABLE SATELLITE,,National Cable Satellite,,,,,,,,
New Albertsons,570,New Albertsons,NEW ALBERTSONS,,New Albertsons,,,,,,,,
New England Freight Inc,571,New England Freight Inc,NEW ENGLAND FREIGHT INC,,New England Freight Inc,,,,,,,,
Nexcom,572,Nexcom,NEXCOM,,Nexcom,,,,,,,,
Nicholas Development,573,Nicholas Development,NICHOLAS DEVELOPMENT,,Nicholas Development,,,,,,,,
"North Coast Holdings,  Inc",574,"North Coast Holdings,  Inc","NORTH COAST HOLDINGS,  INC",,"North Coast Holdings,  Inc",,,,,,,,
North Spring Hospital,575,North Spring Hospital,NORTH SPRING HOSPITAL,,North Spring Hospital,,,,,,,,
Northern Pipeline,576,Northern Pipeline,NORTHERN PIPELINE,,Northern Pipeline,,,,,,,,
Northgate Plaza,577,Northgate Plaza,NORTHGATE PLAZA,,Northgate Plaza,,,,,,,,
Northwest Nursing And Rehab,578,Northwest Nursing And Rehab,NORTHWEST NURSING AND REHAB,,Northwest Nursing And Rehab,,,,,,,,
Not Provided,579,Not Provided,NOT PROVIDED,,Not Provided,,,,,,,,
"Novant Health,  Inc",580,"Novant Health,  Inc","NOVANT HEALTH,  INC",,"Novant Health,  Inc",,,,,,,,
Novec,581,Novec,NOVEC,,Novec,,,,,,,,
NPI Construction,582,NPI Construction,NPI CONSTRUCTION,,Npi Construction,,,,,,,,
NVR Homes,583,NVR Homes,NVR HOMES,,Nvr Homes,,,,,,,,
OBS,584,OBS,OBS,,Obs,,,,,,,,
Office To The Chief,585,Office To The Chief,OFFICE TO THE CHIEF,,Office To The Chief,,,,,,,,
Old Dominion Home Care,586,Old Dominion Home Care,OLD DOMINION HOME CARE,,Old Dominion Home Care,,,,,,,,
Old Towne Pediatrics,587,Old Towne Pediatrics,OLD TOWNE PEDIATRICS,,Old Towne Pediatrics,,,,,,,,
Olive Garden,588,Olive Garden,OLIVE GARDEN,,Olive Garden,,,,,,,,
Olympia Moving And Storage,589,Olympia Moving And Storage,OLYMPIA MOVING AND STORAGE,,Olympia Moving And Storage,,,,,,,,
Olympus Auto Parts,590,Olympus Auto Parts,OLYMPUS AUTO PARTS,,Olympus Auto Parts,,,,,,,,
"Omni Excavators,  Inc",591,"Omni Excavators,  Inc","OMNI EXCAVATORS,  INC",,"Omni Excavators,  Inc",,,,,,,,
Omni Shoreham Hotel,592,Omni Shoreham Hotel,OMNI SHOREHAM HOTEL,,Omni Shoreham Hotel,,,,,,,,
"OPL Services,  Inc",593,"OPL Services,  Inc","OPL SERVICES,  INC",,"Opl Services,  Inc",,,,,,,,
Orlo Management,594,Orlo Management,ORLO MANAGEMENT,,Orlo Management,,,,,,,,
Osen Hunter Group,595,Osen Hunter Group,OSEN HUNTER GROUP,,Osen Hunter Group,,,,,,,,
OSSE,596,OSSE,OSSE,,Osse,,,,,,,,
Outback Steakhouse,597,Outback Steakhouse,OUTBACK STEAKHOUSE,,Outback Steakhouse,,,,,,,,
"P&D Contractors,  LLC",598,"P&D Contractors,  LLC","P&D CONTRACTORS,  LLC",,"P&D Contractors,  Llc",,,,,,,,
Pae Holding Corporation,599,Pae Holding Corporation,PAE HOLDING CORPORATION,,Pae Holding Corporation,,,,,,,,
"Pampas Power,  LLC",600,"Pampas Power,  LLC","PAMPAS POWER,  LLC",,"Pampas Power,  Llc",,,,,,,,
"Panel Systems,  Inc",601,"Panel Systems,  Inc","PANEL SYSTEMS,  INC",,"Panel Systems,  Inc",,,,,,,,
"Paragon Systmens,  Inc",602,"Paragon Systmens,  Inc","PARAGON SYSTMENS,  INC",,"Paragon Systmens,  Inc",,,,,,,,
"Patriot Disposal,  Inc.",603,"Patriot Disposal,  Inc.","PATRIOT DISPOSAL,  INC.",,"Patriot Disposal,  Inc.",,,,,,,,
Patrol Services - 5Th Division,604,Patrol Services - 5Th Division,PATROL SERVICES - 5TH DIVISION,,Patrol Services - 5Th Division,,,,,,,,
Patuxent Pump And Well,605,Patuxent Pump And Well,PATUXENT PUMP AND WELL,,Patuxent Pump And Well,,,,,,,,
Paul Davis,606,Paul Davis,PAUL DAVIS,,Paul Davis,,,,,,,,
"PBLS Enterprises,  Inc",607,"PBLS Enterprises,  Inc","PBLS ENTERPRISES,  INC",,"Pbls Enterprises,  Inc",,,,,,,,
PBP Underground LLC,608,PBP Underground LLC,PBP UNDERGROUND LLC,,Pbp Underground Llc,,,,,,,,
PE Construction,609,PE Construction,PE CONSTRUCTION,,Pe Construction,,,,,,,,
Pearl Transportation,610,Pearl Transportation,PEARL TRANSPORTATION,,Pearl Transportation,,,,,,,,
"Pee Logistics,  Inc",611,"Pee Logistics,  Inc","PEE LOGISTICS,  INC",,"Pee Logistics,  Inc",,,,,,,,
Penn National Gaming,612,Penn National Gaming,PENN NATIONAL GAMING,,Penn National Gaming,,,,,,,,
PEPCO,613,PEPCO,PEPCO,,Pepco,,,,,,,,
Pepsi Co.,614,Pepsi Co.,PEPSI CO.,,Pepsi Co.,,,,,,,,
Peregrine Express,615,Peregrine Express,PEREGRINE EXPRESS,,Peregrine Express,,,,,,,,
Performance Food,616,Performance Food,PERFORMANCE FOOD,,Performance Food,,,,,,,,
"Perlectric,  Inc",617,"Perlectric,  Inc","PERLECTRIC,  INC",,"Perlectric,  Inc",,,,,,,,
Pessoa Construction,618,Pessoa Construction,PESSOA CONSTRUCTION,,Pessoa Construction,,,,,,,,
Peter Lik Us,619,Peter Lik Us,PETER LIK US,,Peter Lik Us,,,,,,,,
"Pevarnik Brothers,  Inc",620,"Pevarnik Brothers,  Inc","PEVARNIK BROTHERS,  INC",,"Pevarnik Brothers,  Inc",,,,,,,,
Prince George's Co. BOE,621,Prince George's Co. BOE,PRINCE GEORGE'S CO. BOE,,Prince George'S Co. Boe,,,,,,,,
Phoenix Electrical Tech,622,Phoenix Electrical Tech,PHOENIX ELECTRICAL TECH,,Phoenix Electrical Tech,,,,,,,,
"Phoenix Steel Erectors,  Inc",623,"Phoenix Steel Erectors,  Inc","PHOENIX STEEL ERECTORS,  INC",,"Phoenix Steel Erectors,  Inc",,,,,,,,
Pilita Construction,624,Pilita Construction,PILITA CONSTRUCTION,,Pilita Construction,,,,,,,,
Piney Creek Management,625,Piney Creek Management,PINEY CREEK MANAGEMENT,,Piney Creek Management,,,,,,,,
"Pink Trash Company,  Inc",626,"Pink Trash Company,  Inc","PINK TRASH COMPANY,  INC",,"Pink Trash Company,  Inc",,,,,,,,
"Plancheck,  Inc",627,"Plancheck,  Inc","PLANCHECK,  INC",,"Plancheck,  Inc",,,,,,,,
Planet Direct Mail,628,Planet Direct Mail,PLANET DIRECT MAIL,,Planet Direct Mail,,,,,,,,
"Play Centers,  Inc",629,"Play Centers,  Inc","PLAY CENTERS,  INC",,"Play Centers,  Inc",,,,,,,,
Pleasant Construction,630,Pleasant Construction,PLEASANT CONSTRUCTION,,Pleasant Construction,,,,,,,,
Pleasants Paving,631,Pleasants Paving,PLEASANTS PAVING,,Pleasants Paving,,,,,,,,
Pmhs Hospitality Group,632,Pmhs Hospitality Group,PMHS HOSPITALITY GROUP,,Pmhs Hospitality Group,,,,,,,,
Pollo Campero,633,Pollo Campero,POLLO CAMPERO,,Pollo Campero,,,,,,,,
Ports Authority,634,Ports Authority,PORTS AUTHORITY,,Ports Authority,,,,,,,,
Potomac Center,635,Potomac Center,POTOMAC CENTER,,Potomac Center,,,,,,,,
Potomac Construction,636,Potomac Construction,POTOMAC CONSTRUCTION,,Potomac Construction,,,,,,,,
Potomac Waterproofing,637,Potomac Waterproofing,POTOMAC WATERPROOFING,,Potomac Waterproofing,,,,,,,,
Power Solutions,638,Power Solutions,POWER SOLUTIONS,,Power Solutions,,,,,,,,
Precision Doors,639,Precision Doors,PRECISION DOORS,,Precision Doors,,,,,,,,
Precision Pipeline,640,Precision Pipeline,PRECISION PIPELINE,,Precision Pipeline,,,,,,,,
Preferred Elevator Company,641,Preferred Elevator Company,PREFERRED ELEVATOR COMPANY,,Preferred Elevator Company,,,,,,,,
Premier Turf And Lanscaping,642,Premier Turf And Lanscaping,PREMIER TURF AND LANSCAPING,,Premier Turf And Lanscaping,,,,,,,,
Presidential Refrigeration Inc,643,Presidential Refrigeration Inc,PRESIDENTIAL REFRIGERATION INC,,Presidential Refrigeration Inc,,,,,,,,
Priddy Chimney Sweeps,644,Priddy Chimney Sweeps,PRIDDY CHIMNEY SWEEPS,,Priddy Chimney Sweeps,,,,,,,,
Primary Ventures,645,Primary Ventures,PRIMARY VENTURES,,Primary Ventures,,,,,,,,
Prime Food,646,Prime Food,PRIME FOOD,,Prime Food,,,,,,,,
Primeline Usa,647,Primeline Usa,PRIMELINE USA,,Primeline Usa,,,,,,,,
Prince George's County ,648,Prince George's County ,PRINCE GEORGE'S CO. ,,Prince George'S Co. ,,,,,,,,
Prince George's County Police Dept,649,Prince George's County Police Dept,PRINCE GEORGE'S CO. POLICE DEPT,,Prince George'S Co. Police Dept,,,,,,,,
Prince George's CountyPublic School,650,Prince George's CountyPublic School,PRINCE GEORGE'S CO. PUBLIC SCHOOL,,Prince George'S Co. Public School,,,,,,,,
Prince William County,651,Prince William County,PRINCE WILLIAM CO.,,Prince William Co.,,,,,,,,
Prince William County Public School,652,Prince William County Public School,PRINCE WILLIAM CO. PUBLIC SCHOOL,,Prince William Co. Public School,,,,,,,,
Prince William Hospital,653,Prince William Hospital,PRINCE WILLIAM HOSPITAL,,Prince William Hospital,,,,,,,,
Promotory Development,654,Promotory Development,PROMOTORY DEVELOPMENT,,Promotory Development,,,,,,,,
Pttman Consulting Group,655,Pttman Consulting Group,PTTMAN CONSULTING GROUP,,Pttman Consulting Group,,,,,,,,
Public Space Cleaning,656,Public Space Cleaning,PUBLIC SPACE CLEANING,,Public Space Cleaning,,,,,,,,
Pulse Medical Transportation,657,Pulse Medical Transportation,PULSE MEDICAL TRANSPORTATION,,Pulse Medical Transportation,,,,,,,,
Purple Line Transit,658,Purple Line Transit,PURPLE LINE TRANSIT,,Purple Line Transit,,,,,,,,
Purrsfield Farm,659,Purrsfield Farm,PURRSFIELD FARM,,Purrsfield Farm,,,,,,,,
"Q Pest Control,  Inc",660,"Q Pest Control,  Inc","Q PEST CONTROL,  INC",,"Q Pest Control,  Inc",,,,,,,,
"QBE Americas,  Inc",661,"QBE Americas,  Inc","QBE AMERICAS,  INC",,"Qbe Americas,  Inc",,,,,,,,
Qiagen,662,Qiagen,QIAGEN,,Qiagen,,,,,,,,
QS Management Services,663,QS Management Services,QS MANAGEMENT SERVICES,,Qs Management Services,,,,,,,,
Quality Construction Logistic,664,Quality Construction Logistic,QUALITY CONSTRUCTION LOGISTIC,,Quality Construction Logistic,,,,,,,,
Quickway,665,Quickway,QUICKWAY,,Quickway,,,,,,,,
"R. Bratti Associates,  Inc",666,"R. Bratti Associates,  Inc","R. BRATTI ASSOCIATES,  INC",,"R. Bratti Associates,  Inc",,,,,,,,
Rainbow Clothing,667,Rainbow Clothing,RAINBOW CLOTHING,,Rainbow Clothing,,,,,,,,
Ram Tool And Supply Co,668,Ram Tool And Supply Co,RAM TOOL AND SUPPLY CO,,Ram Tool And Supply Co,,,,,,,,
Randstad,669,Randstad,RANDSTAD,,Randstad,,,,,,,,
"RBA Engineering Int'L,  PLLC",670,"RBA Engineering Int'L,  PLLC","RBA ENGINEERING INT'L,  PLLC",,"Rba Engineering Int'L,  Pllc",,,,,,,,
"Red Classic Transit,  LLC",671,"Red Classic Transit,  LLC","RED CLASSIC TRANSIT,  LLC",,"Red Classic Transit,  Llc",,,,,,,,
"Red Coats,  Inc",672,"Red Coats,  Inc","RED COATS,  INC",,"Red Coats,  Inc",,,,,,,,
Rehab At Work,673,Rehab At Work,REHAB AT WORK,,Rehab At Work,,,,,,,,
Remington Hotels,674,Remington Hotels,REMINGTON HOTELS,,Remington Hotels,,,,,,,,
"Restaurant Technologies,  Inc",675,"Restaurant Technologies,  Inc","RESTAURANT TECHNOLOGIES,  INC",,"Restaurant Technologies,  Inc",,,,,,,,
Restless Wheels,676,Restless Wheels,RESTLESS WHEELS,,Restless Wheels,,,,,,,,
Restortech,677,Restortech,RESTORTECH,,Restortech,,,,,,,,
Revolution,678,Revolution,REVOLUTION,,Revolution,,,,,,,,
"Rhee Bros,  Inc",679,"Rhee Bros,  Inc","RHEE BROS,  INC",,"Rhee Bros,  Inc",,,,,,,,
Rhine Landscaping,680,Rhine Landscaping,RHINE LANDSCAPING,,Rhine Landscaping,,,,,,,,
Ridgeview Glass,681,Ridgeview Glass,RIDGEVIEW GLASS,,Ridgeview Glass,,,,,,,,
Rite Aid,682,Rite Aid,RITE AID,,Rite Aid,,,,,,,,
River House Enterprises,683,River House Enterprises,RIVER HOUSE ENTERPRISES,,River House Enterprises,,,,,,,,
"River Rock Holdings,  Inc",684,"River Rock Holdings,  Inc","RIVER ROCK HOLDINGS,  INC",,"River Rock Holdings,  Inc",,,,,,,,
"Rnp Remodeling Services,  Inc",685,"Rnp Remodeling Services,  Inc","RNP REMODELING SERVICES,  INC",,"Rnp Remodeling Services,  Inc",,,,,,,,
Roman Mosaic And Tile Co,686,Roman Mosaic And Tile Co,ROMAN MOSAIC AND TILE CO,,Roman Mosaic And Tile Co,,,,,,,,
"Royal Cup,  Inc",687,"Royal Cup,  Inc","ROYAL CUP,  INC",,"Royal Cup,  Inc",,,,,,,,
Royals Commercial Svcs,688,Royals Commercial Svcs,ROYALS COMMERCIAL SVCS,,Royals Commercial Svcs,,,,,,,,
"Rpm International,  Inc",689,"Rpm International,  Inc","RPM INTERNATIONAL,  INC",,"Rpm International,  Inc",,,,,,,,
Rush Towing And Transport,690,Rush Towing And Transport,RUSH TOWING AND TRANSPORT,,Rush Towing And Transport,,,,,,,,
Ruston Paving,691,Ruston Paving,RUSTON PAVING,,Ruston Paving,,,,,,,,
RWN,692,RWN,RWN,,Rwn,,,,,,,,
"RZ Carpentry,  Inc",693,"RZ Carpentry,  Inc","RZ CARPENTRY,  INC",,"Rz Carpentry,  Inc",,,,,,,,
S&A Insulator,694,S&A Insulator,S&A INSULATOR,,S&A Insulator,,,,,,,,
SAA&C Contracting,695,SAA&C Contracting,SAA&C CONTRACTING,,Saa&C Contracting,,,,,,,,
Safe Cleaning,696,Safe Cleaning,SAF CLEANING,,Saf Cleaning,,,,,,,,
Safe & Sound,697,Safe & Sound,SAFE & SOUND,,Safe & Sound,,,,,,,,
Safeway,698,Safeway,SAFEWAY,,Safeway,,,,,,,,
"Sandia Ceramics,  Inc",699,"Sandia Ceramics,  Inc","SANDIA CERAMICS,  INC",,"Sandia Ceramics,  Inc",,,,,,,,
Sarku Japan,700,Sarku Japan,SARKU JAPAN,,Sarku Japan,,,,,,,,
Schmidt Baking Company,701,Schmidt Baking Company,SCHMIDT BAKING COMPANY,,Schmidt Baking Company,,,,,,,,
Schneider National Carriers,702,Schneider National Carriers,SCHNEIDER NATIONAL CARRIERS,,Schneider National Carriers,,,,,,,,
Schuster,703,Schuster,SCHUSTER,,Schuster,,,,,,,,
SCP/Pool Corp,704,SCP/Pool Corp,SCP/POOL CORP,,Scp/Pool Corp,,,,,,,,
Securitas Security Services,705,Securitas Security Services,SECURITAS SECURITY SERVICES,,Securitas Security Services,,,,,,,,
Security Assurance Management,706,Security Assurance Management,SECURITY ASSURANCE MANAGEMENT,,Security Assurance Management,,,,,,,,
Self-Employed,707,Self-Employed,SELF-EMPLOYED,,Self-Employed,,,,,,,,
Sequoia Restaurant,708,Sequoia Restaurant,SEQUOIA RESTAURANT,,Sequoia Restaurant,,,,,,,,
Service Partners,709,Service Partners,SERVICE PARTNERS,,Service Partners,,,,,,,,
Shanti Corporation,710,Shanti Corporation,SHANTI CORPORATION,,Shanti Corporation,,,,,,,,
Sheehy Auto Stores,711,Sheehy Auto Stores,SHEEHY AUTO STORES,,Sheehy Auto Stores,,,,,,,,
Sheehy Honda,712,Sheehy Honda,SHEEHY HONDA,,Sheehy Honda,,,,,,,,
Sheetz,713,Sheetz,SHEETZ,,Sheetz,,,,,,,,
Shenandoah Landscaping,714,Shenandoah Landscaping,SHENANDOAH LANDSCAPING,,Shenandoah Landscaping,,,,,,,,
Sheppard Pratt,715,Sheppard Pratt,SHEPPARD PRATT,,Sheppard Pratt,,,,,,,,
"Shirley Contracting Co,  LLC",716,"Shirley Contracting Co,  LLC","SHIRLEY CONTRACTING CO,  LLC",,"Shirley Contracting Co,  Llc",,,,,,,,
"SHK Management,  Inc",717,"SHK Management,  Inc","SHK MANAGEMENT,  INC",,"Shk Management,  Inc",,,,,,,,
Shoppers,718,Shoppers,SHOPPERS,,Shoppers,,,,,,,,
Shu Ya Inc,719,Shu Ya Inc,SHU YA INC,,Shu Ya Inc,,,,,,,,
Sibley Memorial Hospital,720,Sibley Memorial Hospital,SIBLEY MEMORIAL HOSPITAL,,Sibley Memorial Hospital,,,,,,,,
Siemens Corp,721,Siemens Corp,SIEMENS CORP,,Siemens Corp,,,,,,,,
Silverado Memory Care,722,Silverado Memory Care,SILVERADO MEMORY CARE,,Silverado Memory Care,,,,,,,,
Simco Logistics,723,Simco Logistics,SIMCO LOGISTICS,,Simco Logistics,,,,,,,,
"Simoes Concrete,  Inc",724,"Simoes Concrete,  Inc","SIMOES CONCRETE,  INC",,"Simoes Concrete,  Inc",,,,,,,,
Skyfall Exteriors,725,Skyfall Exteriors,SKYFALL EXTERIORS,,Skyfall Exteriors,,,,,,,,
Slomin Field,726,Slomin Field,SLOMIN FIELD,,Slomin Field,,,,,,,,
Smeso,727,Smeso,SMESO,,Smeso,,,,,,,,
SNT Automotive,728,SNT Automotive,SNT AUTOMOTIVE,,Snt Automotive,,,,,,,,
Solar Energy World,729,Solar Energy World,SOLAR ENERGY WORLD,,Solar Energy World,,,,,,,,
South China Restaurant,730,South China Restaurant,SOUTH CHINA RESTAURANT,,South China Restaurant,,,,,,,,
Southland Industries,731,Southland Industries,SOUTHLAND INDUSTRIES,,Southland Industries,,,,,,,,
Southwest Airlines,732,Southwest Airlines,SOUTHWEST AIRLINES,,Southwest Airlines,,,,,,,,
"Spacesaver Systems,  Inc",733,"Spacesaver Systems,  Inc","SPACESAVER SYSTEMS,  INC",,"Spacesaver Systems,  Inc",,,,,,,,
Specialized Engineering,734,Specialized Engineering,SPECIALIZED ENGINEERING,,Specialized Engineering,,,,,,,,
"Specpro,  Inc",735,"Specpro,  Inc","SPECPRO,  INC",,"Specpro,  Inc",,,,,,,,
SRS,736,SRS,SRS,,Srs,,,,,,,,
St. Joseph Parrish,737,St. Joseph Parrish,ST. JOSEPH PARRISH,,St. Joseph Parrish,,,,,,,,
Stafford County Schools,738,Stafford County Schools,STAFFORD CO. SCHOOLS,,Stafford Co. Schools,,,,,,,,
Starr Endemnity Int'L,739,Starr Endemnity Int'L,STARR ENDEMNITY INT'L,,Starr Endemnity Int'L,,,,,,,,
State Highway,740,State Highway,STATE HIGHWAY,,State Highway,,,,,,,,
State of Maryland,741,State of Maryland,STATE OF MARYLAND,,State Of Maryland,,,,,,,,
"STC Services of VA,  LLC",742,"STC Services of VA,  LLC","STC SERVICES OF VA,  LLC",,"Stc Services Of Va,  Llc",,,,,,,,
"Sterling Gutters,  LLC",743,"Sterling Gutters,  LLC","STERLING GUTTERS,  LLC",,"Sterling Gutters,  Llc",,,,,,,,
Stolburg Landscaping,744,Stolburg Landscaping,STOLBURG LANDSCAPING,,Stolburg Landscaping,,,,,,,,
"Stone Action,  LLC",745,"Stone Action,  LLC","STONE ACTION,  LLC",,"Stone Action,  Llc",,,,,,,,
Stuart Dean Company,746,Stuart Dean Company,STUART DEAN COMPANY,,Stuart Dean Company,,,,,,,,
Suburban Hospital,747,Suburban Hospital,SUBURBAN HOSPITAL,,Suburban Hospital,,,,,,,,
Sunrise Senior Living,748,Sunrise Senior Living,SUNRISE SENIOR LIVING,,Sunrise Senior Living,,,,,,,,
"Superior Iron Works,  Inc",749,"Superior Iron Works,  Inc","SUPERIOR IRON WORKS,  INC",,"Superior Iron Works,  Inc",,,,,,,,
Superior Paving,750,Superior Paving,SUPERIOR PAVING,,Superior Paving,,,,,,,,
"Surrounds,  Inc",751,"Surrounds,  Inc","SURROUNDS,  INC",,"Surrounds,  Inc",,,,,,,,
Swick And Sons,752,Swick And Sons,SWICK AND SONS,,Swick And Sons,,,,,,,,
"Synagro Tech,  Inc",753,"Synagro Tech,  Inc","SYNAGRO TECH,  INC",,"Synagro Tech,  Inc",,,,,,,,
Tamko,754,Tamko,TAMKO,,Tamko,,,,,,,,
Target,755,Target,TARGET,,Target,,,,,,,,
"Td Mccleary,  Inc",756,"Td Mccleary,  Inc","TD MCCLEARY,  INC",,"Td Mccleary,  Inc",,,,,,,,
TDS,757,TDS,TDS,,Tds,,,,,,,,
Team Washington,758,Team Washington,TEAM WASHINGTON,,Team Washington,,,,,,,,
Teamhealth,759,Teamhealth,TEAMHEALTH,,Teamhealth,,,,,,,,
"Telligent Masonry,  LLC",760,"Telligent Masonry,  LLC","TELLIGENT MASONRY,  LLC",,"Telligent Masonry,  Llc",,,,,,,,
Tennant Yard Management,761,Tennant Yard Management,TENNANT YARD MANAGEMENT,,Tennant Yard Management,,,,,,,,
The Atrium Condominium,762,The Atrium Condominium,THE ATRIUM CONDOMINIUM,,The Atrium Condominium,,,,,,,,
The Bowers Group,763,The Bowers Group,THE BOWERS GROUP,,The Bowers Group,,,,,,,,
The Carpet Bagger,764,The Carpet Bagger,THE CARPET BAGGER,,The Carpet Bagger,,,,,,,,
The Davey Tree Expert Company,765,The Davey Tree Expert Company,THE DAVEY TREE EXPERT COMPANY,,The Davey Tree Expert Company,,,,,,,,
The Dittmar Company,766,The Dittmar Company,THE DITTMAR COMPANY,,The Dittmar Company,,,,,,,,
The Hills,767,The Hills,THE HILLS,,The Hills,,,,,,,,
The Home Depot,768,The Home Depot,THE HOME DEPOT,,The Home Depot,,,,,,,,
The Kennedy Center,769,The Kennedy Center,THE KENNEDY CENTER,,The Kennedy Center,,,,,,,,
The Seven Group,770,The Seven Group,THE SEVEN GROUP,,The Seven Group,,,,,,,,
The Terminal Corporation,771,The Terminal Corporation,THE TERMINAL CORPORATION,,The Terminal Corporation,,,,,,,,
The Time Group,772,The Time Group,THE TIME GROUP,,The Time Group,,,,,,,,
The Us Water Culligan Group,773,The Us Water Culligan Group,THE US WATER CULLIGAN GROUP,,The Us Water Culligan Group,,,,,,,,
Thomas Lewis Construction,774,Thomas Lewis Construction,THOMAS LEWIS CONSTRUCTION,,Thomas Lewis Construction,,,,,,,,
Tim & Linda Zardy,775,Tim & Linda Zardy,TIM & LINDA ZARDY,,Tim & Linda Zardy,,,,,,,,
TJ Maxx,776,TJ Maxx,TJ MAXX,,Tj Maxx,,,,,,,,
TKT Construction,777,TKT Construction,TKT CONSTRUCTION,,Tkt Construction,,,,,,,,
TLT Transportation,778,TLT Transportation,TLT TRANSPORTATION,,Tlt Transportation,,,,,,,,
"TMC Produce,  Inc",779,"TMC Produce,  Inc","TMC PRODUCE,  INC",,"Tmc Produce,  Inc",,,,,,,,
Tommy'S Bodyshop,780,Tommy'S Bodyshop,TOMMY'S BODYSHOP,,Tommy'S Bodyshop,,,,,,,,
"Top Gun of Virginia,  Inc",781,"Top Gun of Virginia,  Inc","TOP GUN OF VIRGINIA,  INC",,"Top Gun Of Virginia,  Inc",,,,,,,,
Topper Construction Company,782,Topper Construction Company,TOPPER CONSTRUCTION COMPANY,,Topper Construction Company,,,,,,,,
Total Civil Construction,783,Total Civil Construction,TOTAL CIVIL CONSTRUCTION,,Total Civil Construction,,,,,,,,
"Total Electric,  Inc",784,"Total Electric,  Inc","TOTAL ELECTRIC,  INC",,"Total Electric,  Inc",,,,,,,,
Total Quality Building Svcs,785,Total Quality Building Svcs,TOTAL QUALITY BUILDING SVCS,,Total Quality Building Svcs,,,,,,,,
Town of Va Parks Division,786,Town of Va Parks Division,TOWN OF VA PARKS DIVISION,,Town Of Va Parks Division,,,,,,,,
Toyota Usa,787,Toyota Usa,TOYOTA USA,,Toyota Usa,,,,,,,,
Tracy Lee Alton,788,Tracy Lee Alton,TRACY LEE ALTON,,Tracy Lee Alton,,,,,,,,
Trafalgar Logistics Network,789,Trafalgar Logistics Network,TRAFALGAR LOGISTICS NETWORK,,Trafalgar Logistics Network,,,,,,,,
Transforce,790,Transforce,TRANSFORCE,,Transforce,,,,,,,,
Transitional Housing,791,Transitional Housing,TRANSITIONAL HOUSING,,Transitional Housing,,,,,,,,
Transitions Health Care,792,Transitions Health Care,TRANSITIONS HEALTH CARE,,Transitions Health Care,,,,,,,,
"Trash Away,  Inc",793,"Trash Away,  Inc","TRASH AWAY,  INC",,"Trash Away,  Inc",,,,,,,,
"Tribbles,  Inc",794,"Tribbles,  Inc","TRIBBLES,  INC",,"Tribbles,  Inc",,,,,,,,
Tricon Construction,795,Tricon Construction,TRICON CONSTRUCTION,,Tricon Construction,,,,,,,,
Tricounty Pump Service,796,Tricounty Pump Service,TRICOUNTY PUMP SERVICE,,Tricounty Pump Service,,,,,,,,
Trillium Staffing,797,Trillium Staffing,TRILLIUM STAFFING,,Trillium Staffing,,,,,,,,
Trimark Mechanical,798,Trimark Mechanical,TRIMARK MECHANICAL,,Trimark Mechanical,,,,,,,,
Tri-Net,799,Tri-Net,TRI-NET,,Tri-Net,,,,,,,,
Triwire Engineering,800,Triwire Engineering,TRIWIRE ENGINEERING,,Triwire Engineering,,,,,,,,
"Troon Golf,  LLC",801,"Troon Golf,  LLC","TROON GOLF,  LLC",,"Troon Golf,  Llc",,,,,,,,
Trueblue,802,Trueblue,TRUEBLUE,,Trueblue,,,,,,,,
Turf Valley Resort,803,Turf Valley Resort,TURF VALLEY RESORT,,Turf Valley Resort,,,,,,,,
Tutor Perini,804,Tutor Perini,TUTOR PERINI,,Tutor Perini,,,,,,,,
Tw Perry,805,Tw Perry,TW PERRY,,Tw Perry,,,,,,,,
Ultimate Electric,806,Ultimate Electric,ULTIMATE ELECTRIC,,Ultimate Electric,,,,,,,,
United Airlines,807,United Airlines,UNITED AIRLINES,,United Airlines,,,,,,,,
United Continental Holdings,808,United Continental Holdings,UNITED CONTINENTAL HOLDINGS,,United Continental Holdings,,,,,,,,
United General,809,United General,UNITED GENERAL,,United General,,,,,,,,
"United Transport Service,  Inc",810,"United Transport Service,  Inc","UNITED TRANSPORT SERVICE,  INC",,"United Transport Service,  Inc",,,,,,,,
Universal Health Services,811,Universal Health Services,UNIVERSAL HEALTH SERVICES,,Universal Health Services,,,,,,,,
Universal Hospital Services,812,Universal Hospital Services,UNIVERSAL HOSPITAL SERVICES,,Universal Hospital Services,,,,,,,,
University of Maryland,813,University of Maryland,UNIVERSITY OF MARYLAND,,University Of Maryland,,,,,,,,
UPAP,814,UPAP,UPAP,,Upap,,,,,,,,
Upper Crust Baker,815,Upper Crust Baker,UPPER CRUST BAKER,,Upper Crust Baker,,,,,,,,
UPS,816,UPS,UPS,,Ups,,,,,,,,
US Coast Guard Exchange,817,US Coast Guard Exchange,US COAST GUARD EXCHANGE,,Us Coast Guard Exchange,,,,,,,,
US Dept of Commerce,818,US Dept of Commerce,US DEPT OF COMMERCE,,Us Dept Of Commerce,,,,,,,,
US Foods,819,US Foods,US FOODS,,Us Foods,,,,,,,,
US Naval Academy,820,US Naval Academy,US NAVAL ACADEMY,,Us Naval Academy,,,,,,,,
US PTO,821,US PTO,US PTO,,Us Pto,,,,,,,,
USPS,822,USPS,USPS,,Usps,,,,,,,,
VA Maryland Health Care System,823,VA Maryland Health Care System,VA MARYLAND HEALTH CARE SYSTEM,,Va Maryland Health Care System,,,,,,,,
VA Tire & Auto,824,VA Tire & Auto,VA TIRE & AUTO,,Va Tire & Auto,,,,,,,,
Vada Group,825,Vada Group,VADA GROUP,,Vada Group,,,,,,,,
Velasques Construction,826,Velasques Construction,VELASQUES CONSTRUCTION,,Velasques Construction,,,,,,,,
Verizon,827,Verizon,VERIZON,,Verizon,,,,,,,,
Veterinary Health Group,828,Veterinary Health Group,VETERINARY HEALTH GROUP,,Veterinary Health Group,,,,,,,,
"Vinson Hall,  LLC",829,"Vinson Hall,  LLC","VINSON HALL,  LLC",,"Vinson Hall,  Llc",,,,,,,,
Virginia Hospital Center,830,Virginia Hospital Center,VIRGINIA HOSPITAL CENTER,,Virginia Hospital Center,,,,,,,,
Vivint Solar,831,Vivint Solar,VIVINT SOLAR,,Vivint Solar,,,,,,,,
"VNA Holdings,  Inc",832,"VNA Holdings,  Inc","VNA HOLDINGS,  INC",,"Vna Holdings,  Inc",,,,,,,,
Vulcan Materials Company,833,Vulcan Materials Company,VULCAN MATERIALS COMPANY,,Vulcan Materials Company,,,,,,,,
Wagman Company,834,Wagman Company,WAGMAN COMPANY,,Wagman Company,,,,,,,,
Waldorf Chevy,835,Waldorf Chevy,WALDORF CHEVY,,Waldorf Chevy,,,,,,,,
Walgreens,836,Walgreens,WALGREENS,,Walgreens,,,,,,,,
Walmart,837,Walmart,WALMART,,Walmart,,,,,,,,
"Walter'S Relocations,  Inc",838,"Walter'S Relocations,  Inc","WALTER'S RELOCATIONS,  INC",,"Walter'S Relocations,  Inc",,,,,,,,
Waring Hotels,839,Waring Hotels,WARING HOTELS,,Waring Hotels,,,,,,,,
Washington Area Transit Facility,840,Washington Area Transit Facility,WASHINGTON AREA TRANSIT FACILITY,,Washington Area Transit Facility,,,,,,,,
Washington County,841,Washington County,WASHINGTON CO.,,Washington Co.,,,,,,,,
Washington County Public Schools,842,Washington County Public Schools,WASHINGTON CO. PUBLIC SCHOOLS,,Washington Co. Public Schools,,,,,,,,
Washington Hospital Center,843,Washington Hospital Center,WASHINGTON HOSPITAL CENTER,,Washington Hospital Center,,,,,,,,
Waterlogic,844,Waterlogic,WATERLOGIC,,Waterlogic,,,,,,,,
"WAWA,  Inc",845,"WAWA,  Inc","WAWA,  INC",,"Wawa,  Inc",,,,,,,,
Washington Co. BOE,846,Washington Co. BOE,WASHINGTON CO. BOE,,Washington Co. Boe,,,,,,,,
"Weather Control,  Inc",847,"Weather Control,  Inc","WEATHER CONTROL,  INC",,"Weather Control,  Inc",,,,,,,,
Wegmans Food Markets,848,Wegmans Food Markets,WEGMANS FOOD MARKETS,,Wegmans Food Markets,,,,,,,,
Weis Markets,849,Weis Markets,WEIS MARKETS,,Weis Markets,,,,,,,,
Wells Fargo,850,Wells Fargo,WELLS FARGO,,Wells Fargo,,,,,,,,
"Western Branch Diesel,  Inc",851,"Western Branch Diesel,  Inc","WESTERN BRANCH DIESEL,  INC",,"Western Branch Diesel,  Inc",,,,,,,,
"Westminster Mgmt,  LLC",852,"Westminster Mgmt,  LLC","WESTMINSTER MGMT,  LLC",,"Westminster Mgmt,  Llc",,,,,,,,
Westminster Presbyterian,853,Westminster Presbyterian,WESTMINSTER PRESBYTERIAN,,Westminster Presbyterian,,,,,,,,
White Street Brewing,854,White Street Brewing,WHITE STREET BREWING,,White Street Brewing,,,,,,,,
Whole Foods,855,Whole Foods,WHOLE FOODS,,Whole Foods,,,,,,,,
"William A. Hazel,  Inc",856,"William A. Hazel,  Inc","WILLIAM A. HAZEL,  INC",,"William A. Hazel,  Inc",,,,,,,,
Winchester Harley Davidson,857,Winchester Harley Davidson,WINCHESTER HARLEY DAVIDSON,,Winchester Harley Davidson,,,,,,,,
Wingate Mgmt Co,858,Wingate Mgmt Co,WINGATE MGMT CO,,Wingate Mgmt Co,,,,,,,,
"Wings Enterprises,  Inc",859,"Wings Enterprises,  Inc","WINGS ENTERPRISES,  INC",,"Wings Enterprises,  Inc",,,,,,,,
Winston Gutter Service,860,Winston Gutter Service,WINSTON GUTTER SERVICE,,Winston Gutter Service,,,,,,,,
Wisbettac Asian Foods,861,Wisbettac Asian Foods,WISBETTAC ASIAN FOODS,,Wisbettac Asian Foods,,,,,,,,
WMATA,862,WMATA,WMATA,,Wmata,,,,,,,,
"Wolseley Investments,  Inc",863,"Wolseley Investments,  Inc","WOLSELEY INVESTMENTS,  INC",,"Wolseley Investments,  Inc",,,,,,,,
Woodbine Rehab & Healthcare,864,Woodbine Rehab & Healthcare,WOODBINE REHAB & HEALTHCARE,,Woodbine Rehab & Healthcare,,,,,,,,
WR Grace & Co,865,WR Grace & Co,WR GRACE & CO,,Wr Grace & Co,,,,,,,,
WVU Hospital,866,WVU Hospital,WVU HOSPITAL,,Wvu Hospital,,,,,,,,
"Wymond Associates,  LLC",867,"Wymond Associates,  LLC","WYMOND ASSOCIATES,  LLC",,"Wymond Associates,  Llc",,,,,,,,
WMATA,868,Youth For Tomorrow,YOUTH FOR TOMORROW,,Youth For Tomorrow,,,,,,,,
YRC Worldwide,869,YRC Worldwide,YRC WORLDWIDE,,Yrc Worldwide,,,,,,,,
ZRS Management,870,ZRS Management,ZRS MANAGEMENT,,Zrs Management,,,,,,,,
Not Provided,871,Not Provided,Not Provided,,Not Provided,,,,,,,,
,0,,,,,,,,,,,,
,0,,,,,,,,,,,,
,0,,,,,,,,,,,,
,0,,,,,,,,,,,,
,0,,,,,,,,,,,,
,0,,,,,,,,,,,,
,0,,,,,,,,,,,,
,0,,,,,,,,,,,,
,0,,,,,,,,,,,,
,0,,,,,,,,,,,,
,0,,,,,,,,,,,,
,0,,,,,,,,,,,,
,0,,,,,,,,,,,,
,0,,,,,,,,,,,,
,0,,,,,,,,,,,,
,0,,,,,,,,,,,,
,0,,,,,,,,,,,,
,0,,,,,,,,,,,,
,0,,,,,,,,,,,,
,0,,,,,,,,,,,,
,0,,,,,,,,,,,,
,0,,,,,,,,,,,,
,0,,,,,,,,,,,,
,0,,,,,,,,,,,,
,0,,,,,,,,,,,,
,0,,,,,,,,,,,,
,0,,,,,,,,,,,,
,0,,,,,,,,,,,,
,0,,,,,,,,,,,,
,0,,,,,,,,,,,,
,0,,,,,,,,,,,,
,0,,,,,,,,,,,,
,0,,,,,,,,,,,,
,0,,,,,,,,,,,,
,0,,,,,,,,,,,,
,0,,,,,,,,,,,,
,0,,,,,,,,,,,,
,0,,,,,,,,,,,,
,0,,,,,,,,,,,,
,0,,,,,,,,,,,,
,0,,,,,,,,,,,,
,0,,,,,,,,,,,,
,0,,,,,,,,,,,,
,0,,,,,,,,,,,,
,0,,,,,,,,,,,,
,0,,,,,,,,,,,,
,0,,,,,,,,,,,,
,0,,,,,,,,,,,,
,0,,,,,,,,,,,,
,0,,,,,,,,,,,,
,0,,,,,,,,,,,,
,0,,,,,,,,,,,,
,0,,,,,,,,,,,,
,0,,,,,,,,,,,,
,0,,,,,,,,,,,,
,0,,,,,,,,,,,,
,0,,,,,,,,,,,,
,0,,,,,,,,,,,,
,0,,,,,,,,,,,,
,0,,,,,,,,,,,,
,0,,,,,,,,,,,,
,0,,,,,,,,,,,,
,0,,,,,,,,,,,,
,0,,,,,,,,,,,,
,0,,,,,,,,,,,,
,0,,,,,,,,,,,,
,0,,,,,,,,,,,,
,0,,,,,,,,,,,,
,0,,,,,,,,,,,,
,0,,,,,,,,,,,,
,0,,,,,,,,,,,,
,0,,,,,,,,,,,,
,0,,,,,,,,,,,,
,0,,,,,,,,,,,,
,0,,,,,,,,,,,,
,0,,,,,,,,,,,,
,0,,,,,,,,,,,,
,0,,,,,,,,,,,,
,0,,,,,,,,,,,,
,0,,,,,,,,,,,,
,0,,,,,,,,,,,,
,0,,,,,,,,,,,,
,0,,,,,,,,,,,,
,0,,,,,,,,,,,,
,0,,,,,,,,,,,,
,0,,,,,,,,,,,,
,0,,,,,,,,,,,,
,0,,,,,,,,,,,,
,0,,,,,,,,,,,,
,0,,,,,,,,,,,,
,0,,,,,,,,,,,,
,0,,,,,,,,,,,,
,0,,,,,,,,,,,,
,0,,,,,,,,,,,,
,0,,,,,,,,,,,,
,0,,,,,,,,,,,,
,0,,,,,,,,,,,,
,0,,,,,,,,,,,,
,0,,,,,,,,,,,,
,0,,,,,,,,,,,,
,0,,,,,,,,,,,,
,0,,,,,,,,,,,,
,0,,,,,,,,,,,,
,0,,,,,,,,,,,,
,0,,,,,,,,,,,,
,0,,,,,,,,,,,,
,0,,,,,,,,,,,,
,0,,,,,,,,,,,,
,0,,,,,,,,,,,,
,0,,,,,,,,,,,,
,0,,,,,,,,,,,,
,0,,,,,,,,,,,,
,0,,,,,,,,,,,,
,0,,,,,,,,,,,,
,0,,,,,,,,,,,,
,0,,,,,,,,,,,,
,0,,,,,,,,,,,,
,0,,,,,,,,,,,,
,0,,,,,,,,,,,,
,0,,,,,,,,,,,,
,0,,,,,,,,,,,,
,0,,,,,,,,,,,,
,0,,,,,,,,,,,,
,0,,,,,,,,,,,,
,0,,,,,,,,,,,,
,0,,,,,,,,,,,,
,0,,,,,,,,,,,,
,0,,,,,,,,,,,,